ID,pm2_5
id_ihxgrbq8bw,229.56006669007132
id_dg6s4fhiwe,237.4518043203715
id_f7hwwtmuzp,311.52124225323706
id_ioese5awdg,289.0363839553768
id_hdw320zpls,240.79669199347404
id_wnxl0jyxdm,230.52100466931424
id_irr46cfvrz,321.1818020996831
id_l3lg8y1tar,236.25437330608295
id_9bzncgu7ap,274.3881830545915
id_tq8gz80e59,258.6629986584861
id_gouch6j71l,291.81567919664633
id_gvg6pup3v5,241.99517363472356
id_xsyh8m7o0c,321.0627494159047
id_hsr9nym75x,210.22754599183713
id_kk2mprzws5,225.85057975351756
id_zztb716ruj,279.9934988084545
id_nc37c47azq,208.75377054977952
id_aq2zwrpazm,256.79903073707266
id_1if5noe1b4,240.65791982604685
id_9ch9qgghhp,254.67989252441976
id_i8ez1ppqtt,265.9296928936293
id_1gzede3sx1,223.93514511739778
id_c0cjjirgpf,208.50389684607816
id_y3cgdjsgq1,250.91059164570953
id_hqfk9eb7i3,179.51642943613825
id_heuv8vkjh4,299.08314322692945
id_fcoot945yi,269.08492212032246
id_h4j7gdpygc,194.94922215477035
id_0z5dftxu4p,219.11979457593512
id_0l3lpe7b09,213.92632529973957
id_q51pjcyt8q,187.72495879943614
id_5y5tak334a,210.47394434941347
id_ffpap9n3bi,228.18559982774985
id_wlrkf9c15k,192.6295525905877
id_i2rh9ih3f4,260.97915086745917
id_uqm3krxam7,339.7368466916711
id_3iwa156mvm,172.72740332493566
id_1lz3s1bdxs,235.37278444257313
id_jmqt01idjp,198.70696271457123
id_8gb7nw0rmx,242.99363417587713
id_4xwo0p10w6,224.53377042774656
id_m5bwlzsq1q,222.8428275292925
id_z4d44hh4z0,216.02745051266055
id_pmh6yxhfva,195.72775855445235
id_35d6qsok4a,186.15713918286883
id_77htjr9yc8,174.82653232919196
id_t8vdruehat,205.3130136979875
id_jckj5zjs3u,207.90450970637937
id_iaz7r7qv9z,207.5969841122457
id_uifln55ls5,188.56117417498757
id_d32frejzqm,190.0605577835654
id_exdub9ncvr,221.55317328747518
id_mxkrqowab2,224.97518092280757
id_y8ho5r6i9n,204.18048847771914
id_fiygo06opn,219.71642768293407
id_o3dfdr4sk8,268.1285984607013
id_akv54mqumg,258.8438688427833
id_h24kmkoube,295.1188981791915
id_x3hkwvtuum,244.87223230952503
id_w5yebgnpv0,248.3511406506924
id_0sqrmgfxq8,291.6954078100991
id_af7sxbklj4,216.20055431820705
id_hv5isckfyd,333.0721815537887
id_ghg0lmyh5v,402.30971822092494
id_wpckthcmjz,252.78757602728422
id_u8j139024n,240.99211443271335
id_1jadvwi51a,319.94275611037045
id_1gm8yzoyli,296.6141880667545
id_qsbblt5w3q,355.08084466780235
id_51h39wnp4b,298.3483832912456
id_ny5f2xtwmp,281.1514549579995
id_3dhao9xr06,351.26911647268395
id_wwcepeo72q,316.2101630047649
id_aekpxa9j8r,227.5577364923021
id_hlshs2v7p0,293.43436499922774
id_csaw4okqxs,263.10148350969064
id_a57xn6b266,255.41510331223563
id_v6zbdry3ae,346.45179137940676
id_mjgt3wrumc,349.97062376719566
id_rb71ryy76k,329.0679664788112
id_rzzwlgdruk,268.8312813132058
id_bg7hzhz9s5,373.7380014796462
id_9f0xa0vpm0,216.5685875767767
id_x19qug1u9n,318.7459681117551
id_neebsy7lt3,225.74405619251638
id_k5jc67rf2q,368.5332413772196
id_6vw340icrq,248.4970919095433
id_rpzdo2jabq,197.05973475700205
id_3m8w0ho783,305.9283514975361
id_2ziuzg6bnw,257.80494685905467
id_4hps6472o7,275.4475619333016
id_9cb9qenzw7,318.9593675141083
id_6rvd06xnhq,311.70409896647175
id_22gpyw7j4j,262.62428605328944
id_970drtediu,348.74161056217537
id_oec1w7ootb,323.87016351078097
id_7onpirv1s3,250.33643768187244
id_8rt8qfy8h4,284.88935626397137
id_e69vc06bss,288.2993642682897
id_7dv4xh47cy,207.67500150475502
id_vfx2x5hc15,315.3317201773396
id_ljvpa6cdtz,224.84420821704526
id_faa2v5ox7q,263.22780058344904
id_t6xdbl4ne4,311.6464217466647
id_r2fdbsyh1n,358.03470720378493
id_jhwi52u0q3,230.90814258596427
id_55pa9g9m9g,269.56182616424013
id_u347bmckbj,262.6106314489191
id_3ygrfqgttc,245.11321523175775
id_z7heeojpzb,208.63575653815911
id_utgueavnmx,310.84411286044974
id_h2tqqtxe1w,363.16411149093466
id_mrdqqwst7r,164.23737108983448
id_5053tusxc6,321.5778604203032
id_h6t5tbsidc,232.2983080141782
id_4fs05d28s6,350.0016517818166
id_qye7jwpbs8,268.6264832439274
id_um00ew0g1b,350.6241198741182
id_fzvy60mdma,255.6494487085783
id_l7u41q4cr9,333.10070267863443
id_26og4v2wx5,239.01194726937814
id_b0a1xu6nu0,278.53086958629916
id_xumsw5m3ip,272.55802134591454
id_3ftig6nrpk,294.40018469763226
id_0ejl66y98y,290.9734738769155
id_ph0mqd3qdu,341.03471918193316
id_1j21vhuakg,428.89297907520006
id_9b866t3kcl,229.24538231445362
id_gm3rhu9jak,308.16552725361737
id_vldjdgbudl,368.9084617150981
id_sg9gnw6j9a,355.02349174033543
id_jy6wca6oh6,217.2618038364084
id_lgnofy6syn,310.76067208142666
id_g1j9pxh5yp,242.2164095648765
id_xoh80ei36j,355.6686814122098
id_g4idr9b72i,206.39560201528036
id_b7cn1tm7jw,270.1052312294229
id_3kkfl60mdt,209.09120692295983
id_3cnzembvt2,209.53559139797707
id_qh3hmxe3vl,229.82333568417286
id_dm2ngicucl,218.96002417678895
id_0pj7rbu5pl,270.48241047247416
id_0b7len9grt,316.2135107407652
id_lkjbthp6xi,377.2288140174343
id_msyur8bama,232.0429479374454
id_r6b4lems42,254.5109050340476
id_tdtmvz23p5,194.91294130329058
id_ucg35myewu,296.3734183846453
id_cpu27o1708,328.60669405080597
id_8g3bfwtmtc,287.10539495540655
id_lvwrewueod,266.41422458738947
id_vjr52dclmq,258.13907346622284
id_74lpfoxs1u,288.3504676387746
id_51ipsqq6fi,236.90545648528234
id_rgv5vz1wi7,199.34042607747682
id_xukt8h1854,218.6139576971242
id_pvjuaozpis,213.8378565788808
id_dpstb14com,274.7956769356097
id_hfo34xjax3,287.02165369097156
id_1xcm67i57m,241.79620001925176
id_5w78ao9f51,195.634983770797
id_wjwp5bnl95,221.04205446871416
id_q29d5fhap5,228.88087956675193
id_stpxgfh6at,281.6066766120789
id_lp5fau1v5t,211.60086432065916
id_7oxqpk7s41,160.77520336054624
id_4dnmn33ra3,216.01067862781693
id_vxnrc9eyhk,363.13029256039766
id_ysrrbwixap,229.09389280107402
id_yhfx1lpevn,191.17350390090672
id_c6a44pvjv8,234.4778191135571
id_s9f3ml14cj,253.92799329977387
id_d0w9c0xp76,317.2790200478122
id_a9fbexs6qf,255.17200846928725
id_9wzfhpw4et,272.1843211639862
id_ryi27ogtvv,195.1701481240151
id_l4fl7gcf91,194.25405200085274
id_tkvbxrgren,181.76190641880933
id_1wkfcd4q6t,290.60604776914056
id_mc88pd2apf,192.40443041611593
id_00iv2sgwb9,263.8696263071974
id_e7lfbanu92,258.9209881894475
id_1mdkr0dgz1,226.6184499880802
id_evzlq1bdq7,269.3755800457792
id_0fzcmep80p,243.89169759598215
id_dwd9xbd5ep,282.8932826615012
id_845jje9evg,236.5834947751005
id_cbrgljomk4,338.2611209369176
id_xadne3g2dw,197.17712928354547
id_fdlsm6mg2z,238.63711336462316
id_r1w2mcb346,322.9805407257533
id_1c24ja9jag,230.25288407531403
id_h1v0nwz453,198.6898198983783
id_igvjbr17my,216.3575148192223
id_isnin8oj7j,225.20747378806058
id_lts441t4ge,243.53839372622542
id_7k86unkgbf,269.4920279433141
id_xs2ivx2taa,207.2944482644193
id_t8pxhu1lko,229.2666467511138
id_cncxlihk4l,315.2106810333368
id_u3n972yugw,250.8534884275082
id_5dtltk9ol8,341.56743477679487
id_2d4xbl322n,239.00812290066628
id_6ayd3hz9lc,374.03605274090893
id_fhedgc4ogi,193.93928254095403
id_je6xyskvqt,250.536128257982
id_uqplr7i3e8,345.7112573196019
id_p2mep9skjf,204.78898247647504
id_klmztpbnj0,241.5120419487401
id_w8masqptnv,339.94345807428033
id_uqe5p1fz8i,224.53066501315584
id_vdcliffox0,287.8591642409531
id_suphbrot9x,193.688215955437
id_qsl9hh9hbt,210.36281901752506
id_yorywxet0a,208.19956434572575
id_9rhbkh8kye,217.7260857993364
id_oh2pg7ik9m,241.03929431993032
id_u5xtrnbshq,229.2110449454825
id_pfcdhqpggy,298.6811243826767
id_rsbolu1d8s,257.54906996046407
id_1o41vsdb40,241.81002034138288
id_bthds7exkp,250.52063756056106
id_u2lx4hcr19,220.79016480586267
id_vt2seycroc,307.8681865872146
id_ev3xsimi3e,246.34643574902805
id_8wsnxwqlaw,308.5133328763929
id_jhks2agjzh,348.0913583385833
id_abc042gxa9,260.1790249040072
id_t39ajz3mpo,194.12278652955712
id_7l7bqpd71y,319.7671760437584
id_k9uhbcg8zv,278.6590518671518
id_kf067ifyeu,172.60957796788102
id_6axl9l8y0y,258.9243374038061
id_fknkdrl6fy,262.2601136038418
id_8gmporna5z,250.25892060773776
id_a4bmoty06e,236.48847091348873
id_czo0d13gtz,201.8556976066071
id_co7jt5xego,203.2087904102576
id_2x6lo1wgko,220.57170036067637
id_9wjap2et51,189.58103478460075
id_c7mps6h2ft,195.9278506395913
id_j8yje9gqi8,258.55647956491055
id_vju59tgxzh,249.90632620043854
id_8lap7ve7md,224.96950314153693
id_pvs9bs83s2,273.01267713239986
id_qdivis4t0b,214.80106166811652
id_6ihg5rmjar,333.71002803706693
id_enahmr353n,254.59380945439344
id_m5la6rz5vl,219.81377061048747
id_lyc6fznfhn,219.784322547128
id_u15ftwfcl7,247.6647731183222
id_mjaugtu77u,219.72284566300792
id_h1bl0y44h5,205.74124753558777
id_ixfnpr6f21,217.06456952655816
id_37e3n0alew,169.73424195083618
id_mj9599i7yu,201.7376564532512
id_aq1df4iqdu,211.6862728780494
id_2e5mcgpio6,177.5703480754177
id_o99bic4pl9,206.35663909843075
id_wee03f0g34,184.55156799659005
id_ebyp7dsb2j,249.40315473896877
id_xrw2te1q07,229.58674660953318
id_e1pr3nswl9,242.13704313105418
id_20jn6yzhpi,230.59939729160178
id_ef9regkoel,227.3936306963104
id_ja9p3oi1ln,162.04131176570374
id_u4t0meqqix,182.6695808865012
id_ha9378tgsl,184.3085473465623
id_sm9fmjwje3,253.1119904064207
id_pq1s2kq7qs,200.13846769174586
id_zcw88t7w9n,179.45556770758049
id_9gqyxg4fuy,238.27444457494806
id_jlbv1pe7mw,256.04462806803815
id_nqkrnumlsr,228.77344483680793
id_vwov477zro,263.329552319902
id_k8t4robso6,215.4435468400017
id_9574e2s4iv,235.5509084439073
id_g6sz61x3ui,265.6264117609542
id_65fdu115yz,328.21914125702665
id_jvvhzyikro,285.8924759634293
id_mjtm49jd0e,236.7708214180962
id_qisen8bs9m,332.97552931859724
id_4qcwh32n38,227.69714157461442
id_a1jgk8addq,226.42914178612259
id_eoh9eceljc,242.42387658293893
id_c9l6rfivhx,207.3692641611818
id_ity62l2ixr,197.23699854172898
id_b1kdt1v6wk,199.47283062174156
id_31slek226d,242.4888931090453
id_r5hynclox4,265.42541030862134
id_1zdag4te8b,253.7456819213876
id_9cji7mh5kx,217.88232381551745
id_pgt8lf7tci,239.10476750527164
id_9xwjmedzm3,318.06583438024273
id_qmng1j2b5t,205.37199480454973
id_lsjhv6dlig,393.71478017087446
id_5ei28dib31,178.39257862751745
id_djt23iw3mp,192.17458289924815
id_m9oojav91p,273.75351025146693
id_oivxgblcp2,288.4343783688068
id_0kdvltw7vu,244.87972972716628
id_6w4ajmwc5u,169.41797194734093
id_urkooowq9s,224.23910404131124
id_zj9z4qj012,251.2585819429856
id_8ziogga8ul,247.8515022901818
id_3p9o92k0y8,257.5500103135312
id_nys5746v2q,229.5477380905767
id_lfeylugwfg,260.2821786062196
id_doohdtcpi0,247.41096883525597
id_gvsxbrs2ay,316.5836678510122
id_tazjayaiyz,214.82564696457916
id_zrpmkxoezw,161.54113736909247
id_sqmq0975df,204.49533918894093
id_6lcd3eygj3,195.7720194352349
id_7rpimassqp,286.5630929655806
id_63ls321ztz,181.40349104275805
id_tkciymn5hs,207.76790874976336
id_kasmldlvq9,215.887439928195
id_vlpyl2jer5,222.118669015011
id_5qffgu5u3n,226.15042698389937
id_j988bph6z4,223.8325703092604
id_ws4odrtze8,252.0313875542092
id_wtahd5vwwm,301.269968217876
id_07q159o6c5,212.7732434424028
id_zuwn8cdmpg,178.63128159878661
id_h18pxnwgaz,255.48123249321074
id_crcf47qz6r,297.87236413017575
id_s0472tpnvf,270.27243200148996
id_4x8344brzc,271.6556874059514
id_f3th0516p2,354.78046689114666
id_rq698snr9f,241.9146043157585
id_bqumy9109l,294.8356931199138
id_sa87ndj19i,283.00952391218215
id_l50a8gf4z2,340.7941323218462
id_d22097x7wg,359.56137558489235
id_o0l24mamhf,264.20050387915614
id_u0tbd0ho1d,312.41412570096765
id_jh9oqt4r06,324.69553045892087
id_s5qjht01ct,262.66011485853727
id_9jvayvxhsb,249.9406726480306
id_2ktyalo4fo,261.9210580022156
id_yytme869mp,301.7994858966794
id_qjy6t0mvby,338.371571371621
id_vqx1ryf2ik,348.1373987917701
id_xlf2632glg,334.42345443314827
id_9ryn26zoyf,337.2976708339386
id_0bhupilpq3,251.16745379079273
id_3oog4p81et,244.20036119189095
id_7pwsq2822m,214.42040335518448
id_xco3eq9ewy,228.28442203477223
id_86pol7d8z8,383.46874872667263
id_4hq1smw4qm,231.48360666848527
id_mwm43tu1lt,351.6629578694634
id_egnnmgvz1t,261.97595011279185
id_ql3nhnzgo7,259.9631584475
id_6yei7c05s5,186.86086903094505
id_37ncimqtl1,259.1596244354047
id_faigrj26mv,221.53733108101667
id_b8gmnur08k,366.71003531400663
id_uhkuycqlqg,225.73558578013348
id_hda4qbl82l,281.3195747277462
id_l81zesfyi6,263.00580732656834
id_8fw0qddr4t,399.33055308228046
id_3swlrvxi7m,396.2508675069368
id_2iq9tbz4bu,260.71148145507516
id_l3hzf7xam7,319.86091948298406
id_7yfs7z6re5,315.0856654348147
id_3qj7edycff,259.16244302560506
id_zz66kjwki8,284.0155695556143
id_836ugfrmfn,295.4360125306324
id_i7eew37mck,258.9236434260108
id_bxqgoacauj,201.0677357882164
id_0804vchmvm,250.71665250587165
id_o41hevo885,242.68845769834215
id_55ynsd7iob,245.75062786033732
id_xmnors3b2p,251.29594573679458
id_i0vim21vyr,207.24459997488475
id_9q4vgsr3t8,240.73852030003425
id_nzvtf8mk2z,245.4799985487616
id_qxhc5b04ve,225.2436961520788
id_bmoknxippd,220.14969161629548
id_y7pq8dp4ut,212.61903834969718
id_7ibql8i2hn,238.5374299114292
id_tbkdhkji8c,297.75076091422505
id_2xvazzddgt,263.978440762688
id_vo6tjecx2y,240.55909811832103
id_td1i5lcg9k,257.7540160938332
id_ruc95ajmux,226.62886958913685
id_a0at61dzen,261.0679539171746
id_0zn9uivt40,360.3498950672804
id_qlx50d8vx2,207.1445468296233
id_u6z7b5cbh4,204.29294033017882
id_qruu4eejyy,259.49053149874277
id_9vwonnifzw,284.3482542367721
id_0lnfawjnjk,282.7509670628909
id_31uzu5wcsr,234.1688176428493
id_uzija37zrh,290.47785253354516
id_z6s5np5auh,196.03325012928292
id_p084kqcwjo,257.8559736073609
id_qvm8ttfb1f,202.09644394756182
id_yzoxe0nplf,168.50758629992004
id_n95r9k6tql,210.38906481504688
id_i6gb7eojjd,225.5561875675327
id_rj99alu30y,192.2884186255116
id_qlb79248k0,265.1823370343508
id_5gr1418j07,246.99602255147752
id_mvspb7k941,214.04473466427527
id_w5jw7d4cs6,243.61643776642003
id_ksu34mhpjr,172.16062630578458
id_rwz1uudt8t,183.86637471272445
id_q22kldhur3,188.7279581500844
id_2ax9dk8j9y,265.8464811926236
id_tld5diafyf,230.64252135339225
id_do4asz4s0g,219.14934084717206
id_3alewcubl0,176.9401878548935
id_8zu910kppu,321.54348218786834
id_1s9nyk6u7a,256.73330946236797
id_l88880p40e,245.83635944465172
id_hr17wz72sy,221.71794617542804
id_cjj6ks4lan,182.67456334626888
id_16wvcdazgi,312.21886103741394
id_iq6jofmcl3,330.58599722689405
id_tdu0u91xwk,334.0213784325788
id_62jccue0vl,202.1620540401932
id_3sef84eg2u,275.7482292554206
id_w0f6u87fds,298.62102341429346
id_jwcwkcbb4n,280.80485606110875
id_sipbb762jx,329.1989448836372
id_pw524o2hj4,278.622546534734
id_qlj4brmgs2,266.71669778062267
id_6fw4q0j9so,333.0784442139719
id_squdps1yn8,322.2984350722169
id_92ijbpy5c7,247.35173115676793
id_5mdgs1tb11,293.03640718774176
id_pq77lq5wej,220.5103721341697
id_46mfsuetx3,246.2858000626508
id_l66xs53vq0,282.1787304838903
id_edk0v1a8wn,357.1702478335787
id_nztzaid365,245.3606322207171
id_1k9uqfcnfq,230.10669230543905
id_5rcti4kobf,260.88801177420936
id_al1l3ahw7b,208.5582764780626
id_3f3rzgujod,283.2746293352089
id_fr4pynhbb8,278.9019765078763
id_rnuqsg891b,286.43977061068176
id_3qw0q1r8qa,193.26983848689375
id_o84bqle0x6,275.16286370529724
id_han5yb04s9,281.0154160584433
id_n7pgevpqei,306.76566280305883
id_j0aw1xyk9t,235.99317223968578
id_xpcbsjawvs,425.59713565178043
id_y8vz7smn74,347.0813237736943
id_xtbriixm7z,254.15843053595526
id_l47atvid60,293.14608133147544
id_gqpbs3ql9v,316.38466747378897
id_mohvibrck6,272.63160526156906
id_m2e2vhsgc5,285.88699690612026
id_6q2dw9x7y4,313.06389124266633
id_r8hora5q1m,342.9753658245735
id_chvslqlmkj,226.3131990461449
id_z8b1es3pzh,280.1577680522173
id_crc6ejtto8,328.07047165967253
id_4hw7jthh0g,279.15753560937594
id_rtp2qosss7,238.97942183899434
id_2keurz29m5,274.28389717590056
id_5f0tzdcdu0,259.41203048914286
id_6g5cbmuktq,254.6475045283185
id_njm4qcclts,326.9418669656733
id_t8gjwi01yc,292.543773433994
id_dfcidlgn6x,291.17796856046647
id_f7whsdcam5,319.6114951194653
id_hga8rjdes3,364.9933860702136
id_32z89yhhic,353.5020774337826
id_pza69wztdl,222.81640950286854
id_ndfihwmpp8,350.16686870333695
id_v6uj9ttsd9,222.00686222502222
id_qi267vxsvl,231.57832267129407
id_oezislbogz,334.78473727531247
id_yzmptlwk5v,229.05830487290785
id_1wgvveqkxt,219.23958605541563
id_hyunf795m9,224.12632459173554
id_9vmusmwa1w,251.73288484522638
id_7set4vt1jc,205.9022162490001
id_xsuqw4qhef,254.0689190456007
id_5rb2kj08fr,247.16250663783939
id_hub405wg5o,220.0569794820196
id_1dl4uombn1,190.06774080245705
id_0m5pjvhhts,226.93441887195075
id_wh6a14b72u,217.08312240072925
id_2gcokul8h5,290.5986009515531
id_ju5045k8te,197.02216721729562
id_lx8g1rejy7,219.90668297882627
id_xdcw1447i6,207.6692363320817
id_c530clrtlp,237.56008286063127
id_7bmurid7pw,219.08274692453534
id_z2s38nz9hk,257.98985566296983
id_18o8y735s3,362.8002635748767
id_wcox1ibc1u,357.09920715397845
id_8mteyw4ej2,228.6376346290129
id_yhr9822dsa,333.33302604152505
id_kx6r0n5p65,312.02940816932625
id_yll8ps5xps,289.6337935652537
id_2ss6w9mkjs,298.83653296995
id_dywpbbt1rz,278.9359945623727
id_2sovq337ib,302.8951835000022
id_hl6vkdm5f3,290.62913975546223
id_7rweve2gtx,377.7134744088434
id_qenwsj9ypf,231.76720034605844
id_7tr958twwi,279.9474560073729
id_4pss24du4u,316.43512368256467
id_pvxshz55hm,279.3425037028916
id_hwn7gj0gnq,271.0895694922621
id_34w3aboagp,198.0479937098581
id_slzxbjxpdd,271.38183720083407
id_s9fvyed2xl,212.44571917021534
id_ojo4ns7rvu,235.62135275691801
id_oukj9m9l5u,263.51925629353923
id_4dncovxwgl,363.81008953848436
id_lhn0wnsi4q,241.5261130421512
id_8qzxmyj6yo,292.3277136836328
id_2st0ywh4w4,308.6652717751059
id_32luqy63su,413.19613608430564
id_oew67rrlis,315.42797068031234
id_byzy2benp0,307.0544027529975
id_16qarvdtx3,317.89748740749747
id_uxi3qu4l8e,263.7834990574657
id_vy83bxfo5s,317.68878491772415
id_z7ibc788zq,343.66910411760904
id_kbkbgy18jq,300.459049830422
id_4zn86s4tbi,269.71824129543035
id_evx591r7y6,273.3561950550966
id_g6ojnnx069,311.12631829772937
id_7zixl3q2bq,308.41128941317953
id_0d9a1agg6b,234.44965477688382
id_3xt09a0de5,236.090827662258
id_jbhh44km3c,360.42205077866697
id_5k2iegwee6,330.9339057878476
id_gibzm0hke2,321.48698700336223
id_zl5phiqojd,246.97120751972284
id_c15wxxvb75,316.2666250570869
id_dau6fb0sfx,273.5858097791258
id_z9dk6h8cfb,228.73185549623383
id_uvaqu4nzmb,180.15495717229098
id_qpglm1d719,295.3101785623042
id_ct64dm03s8,202.1481607787961
id_is4l5fwjuv,241.32880837148306
id_vh0bwrobbe,338.51254361913976
id_b0mjh0b71o,207.61845263607952
id_0bpne8ucld,338.17101119477996
id_kvvjrrryc4,253.2152308314016
id_n5ybzqzepc,316.3178163453649
id_jaimxbu1pd,306.4907599545213
id_0l0w0orygd,309.45491392123665
id_lv55afmf77,299.4695310044079
id_9mfp6fw6w6,346.6371932583115
id_tafpzgg3t4,345.327064172503
id_tiipv7kgu2,283.87915562788334
id_kwiv66i7i5,272.91496500741766
id_nl69sct7fu,328.7951489909789
id_l74jt76ryc,356.8178259805695
id_bxgj47nybk,252.44057933254314
id_923xwmt66s,279.3387280704199
id_aq97mswwiv,231.6296208389592
id_4vrb5vlcz7,266.90838491418737
id_xayf6v05hn,284.0521656535996
id_8pk1rf7oxo,267.07548090380743
id_sq8128da6u,242.34783402425944
id_8ihfuq3i8d,283.7224243208492
id_87jd29uf6p,317.98874783551696
id_4xpx2dt8ki,268.641227988185
id_hqpr9h9axr,289.0536958118681
id_1k55ze4pps,324.1488373417372
id_2znei70wfr,307.4619387013619
id_9hhcbap87f,284.3250505583354
id_hey12d7qim,308.66075380180746
id_lh2vl46a2o,298.35752200589815
id_yr2wo25x72,362.41746905330047
id_t52himkovl,245.832156600291
id_7tvjar0eff,328.463337470866
id_i208pdedfj,212.47846398223516
id_d77mj6yxxd,274.3085198503685
id_jh49madd8v,240.217593417926
id_cz441c0g6w,223.3777892243318
id_l9egn04p70,202.49416465357712
id_aof0geeadz,229.39907911759366
id_l14us4afx1,236.81496600721837
id_cyjw5nlwm3,238.66317138385637
id_gzuqpix1lm,239.21799681462096
id_z09r8zdwpl,334.1206743079512
id_avet97ghyy,284.93775361910184
id_8xxxnyrpzm,278.984150535474
id_5mzgmww3um,349.02584297226474
id_8vxge8fi9v,245.56570531122622
id_jnw9eiv9ni,219.03285284404257
id_gaui5cuwn7,259.1923453248572
id_bk4agfxg5e,255.81291228894213
id_5si10x4q6c,277.8480362536327
id_e9emj2d53x,367.24644739602314
id_9llllv5i9s,290.7624406194858
id_mndm12zy06,252.92096715179625
id_2pxml96i79,226.77800095853655
id_oi59maxbit,278.52005650401554
id_tf7klyuj5c,279.6265925301097
id_jf1h95hidf,319.6371477941824
id_4njytufcfi,181.2659044746143
id_2zbs60m1hv,278.8343202064624
id_kbe0e397n3,226.43352363331715
id_attl7s5eit,230.77579758284878
id_jyqg51mks7,343.9687485804488
id_yvtlt4qsb5,342.03620513770176
id_ququ54p5qn,244.14440047080743
id_b3olj60ip0,246.21143416279432
id_ucm77r7n42,275.5338568125522
id_i94hu4l2he,328.9759323453617
id_sem18a4eih,330.7018814204116
id_iu4c2k0vqm,318.34163792614373
id_jez7q9vvpv,249.46798078611212
id_0g0h5fvenr,255.5487126386083
id_leyce5nz7b,289.52888726774745
id_ctiuipzphp,247.76972360944345
id_1uq7qu2no8,304.12745323712556
id_ag7p6aauq3,354.37544091683327
id_4v2gdi94ys,294.24422519821866
id_oiz391vhbb,272.9726119503567
id_dkh1dm7jv5,304.1953396873463
id_xp48k28xsx,373.24639984867906
id_8hzzltjopy,330.3361805608038
id_jxwkemji67,328.54345935887994
id_9e6zoef7pb,175.60420806639289
id_kw3reqh73r,313.4318232287526
id_i3soe2f356,341.379519834597
id_s3sjs08z01,198.99883204745197
id_wgstp1qsjl,266.4950603435268
id_c79996j5ij,274.5984426166689
id_xyptp35mvl,262.23909653215327
id_psuhom729k,212.47253498981934
id_pow9jv5ucp,297.9181803574599
id_6wvbbh34gm,233.27584764340693
id_dt7c3hug70,241.67220988613894
id_j5p89q7hag,304.4273953876359
id_kc953hqc6u,299.8886642364129
id_lc6edh3b2s,310.1134369065617
id_9spkaqz73s,383.7658995077598
id_3htqh6ssl4,323.70952932374416
id_zc1ovm5htd,301.3036129678833
id_w7wwg1utwa,282.43157357136965
id_25epdpbix4,239.51133519626998
id_vs0hncomou,278.66778496087414
id_reegezw0zr,237.0276388156031
id_f6x16pl89y,276.4916222736233
id_9a8jkl3m2r,380.064057100905
id_hoz5wrgxox,395.155764382857
id_5ziz8chtiw,347.7348801529694
id_l1g99w61j0,244.31600150982743
id_40onwzmie5,262.3113310076406
id_wplsrqbqg1,255.66054917849567
id_8zk238knxs,281.78457529644874
id_0u52beiaqr,264.6890126875311
id_g8dmi5cj2u,368.01536992359433
id_qvb2pi3nbx,282.38857039104823
id_9ocs33mybq,309.12228314616857
id_le65pdwgzs,233.37776176726865
id_kj6oinfm9j,307.6026632483861
id_tiqxiw34y0,311.3026687365529
id_j5q5ukj913,250.71778207777766
id_wfsqr784ue,223.5313351915118
id_19yb602oya,230.8398558795686
id_p5abbz6sni,237.32226079478932
id_sj35fk9ewl,271.42740454401434
id_asczdnpq0c,227.99478304064328
id_bcoprnh1dh,326.6973704745724
id_4hnps4a19v,197.9719144380081
id_slby4mvn69,261.345212912921
id_fdcwmf2mqw,267.9516922413441
id_pc2ol1dymd,268.61463160539114
id_72hn9xr2mt,246.28819500739374
id_ooylyenf74,232.50064684049806
id_7c0tvcd4mf,321.1622448233914
id_vo7qco3vo4,244.8077530175464
id_tyda8qzu9y,231.09646085293042
id_qjo74p50vb,199.32504272230824
id_qftdjlnuxo,204.08262726160697
id_8zkhvf7knd,224.78415862500185
id_zjdfiws1ze,168.7193548562968
id_km0396cm8u,323.77096939812253
id_0zb66667qv,191.23885792706983
id_xkul5db55f,192.7911961488387
id_0882wi4vll,228.65409533288488
id_vyjoukh7a3,204.21276052808258
id_mgzj7k2c88,236.12884624977525
id_mj68hapwjy,200.42041749781882
id_4k7w1huz70,266.56949727041166
id_cc5r73bssv,154.17288768416773
id_lpc3qqqc79,280.43668514479344
id_dgd25e5l5n,247.64024593399594
id_2u5h8ssj8f,276.5793144606082
id_qekvi0qhbi,366.5779888032013
id_7t5rwbvncv,230.48944186773502
id_wip1lfenhd,297.78381944793443
id_fz1zlhsz58,257.3277184593607
id_fzhszn9qgh,203.6729436345191
id_drhboq2o8f,230.7757891195478
id_67f2qgxjr4,278.09526526444137
id_c9jyqp5ts3,240.17379774863036
id_o5nsm6bufm,310.103825859179
id_fliahadafe,226.90969948142367
id_ljzcxva3j0,233.75208053886922
id_4fg7od0p2h,201.72444076016174
id_r0bgionrrx,201.26867149410015
id_5mrclq7yja,231.7450613012066
id_v6ji6xpykj,362.1515135271424
id_gzxccfruiy,229.36644227905268
id_rch18sl7fq,254.26203726421684
id_dycgsa1kum,309.1643727453084
id_dh2z6cu6bu,226.5959630460128
id_b3ij5seund,237.9767665261674
id_tziu881h86,201.9987913794288
id_321qju313s,204.7623336486718
id_dngcm1ubxs,253.2889206889042
id_vu0rtf6isv,220.57861587481685
id_tzfx3hbsak,296.6922200488243
id_rhg9ghnbc2,220.38080501429792
id_9hkqfrhrxo,294.6847627126316
id_1s9fc94wwm,176.76173493576036
id_6l0a121qin,207.48671832493278
id_iblicy6lwk,247.07525106230287
id_galqj45a9w,233.2600228955875
id_1dg8zj0o7z,189.31417133630012
id_9x63i9uu20,268.9323073516828
id_n4mgwkvcyo,253.34922167829922
id_h9o1enzmn6,221.2985469337745
id_4utcad6z0z,311.0449123518981
id_faw7vd63nz,286.24319042118714
id_bfmddpm7dk,339.6908520993758
id_zsn1j1j2ex,305.10283870770525
id_hnknralqvw,390.16412812430616
id_j3s4dhvwvf,185.39160411140523
id_nb9skm42eu,230.54951339137543
id_e30vibg2cr,284.02342277970666
id_hr07rxuwnk,256.85939733636377
id_cckgjin8j4,314.54970294851654
id_1igqyragk7,246.22524463131313
id_pbbqks4896,281.64531939568957
id_yglxjnnnmd,285.71877563436396
id_akkkm90ju3,281.7183738904866
id_pnw5qxgci5,281.7304646066875
id_ed8b146zq4,320.9237643117131
id_dog1qrt65n,245.42726614773267
id_4iko2mf9m1,273.50149965310976
id_tf16irhnxj,189.6963033377298
id_z8dbvb7mld,329.30039477656265
id_hjojye2bnc,295.1222601524663
id_e74fkffny9,316.1461291871213
id_96r4h4wquw,402.8787232220138
id_n8zuiv730d,253.33703310757787
id_q9sf7h6id3,435.78874254046536
id_1ahz3wcpza,338.9874513717285
id_bij6rb0yyc,296.53999519457744
id_rj67797cdl,273.5827685546003
id_nfgy5cs3i7,415.7815306744637
id_2gg9612372,270.86304484462255
id_rd2ycsqjqu,302.9108392951629
id_yhyq4hrrvo,307.12569953115286
id_cugq7k2136,307.8328990702586
id_6ztrbzwf74,304.87598657076944
id_b3864dngn9,352.43804863408263
id_fslinj6lsz,216.266364987716
id_nr59rjq353,229.19593657774564
id_f937o9uhz5,332.5373216835969
id_pdm9hc9akh,266.6023490144076
id_hlaacmpdc2,334.23253974590807
id_43l5b3qppy,299.51383784810344
id_nhboyjouon,240.20450271591497
id_e9tjlmzofe,254.32168513764216
id_uep5kutr80,231.37922065302234
id_xdu2qkcn9o,334.66643841293677
id_7xqj2zy62f,215.61646722247352
id_d3txp6ww71,316.5438111462614
id_kpr41h1gl2,196.50104365180863
id_eeu9sw0k2s,317.02376931785415
id_c20q8ikv7t,327.35424953328464
id_g8oqjuggsz,381.4404647189388
id_2nq4naxlui,301.08479650673166
id_qny2l3j2li,257.7160501404598
id_vvea9k8tgz,255.11818645972693
id_t009are3zm,226.04134888610534
id_uzuka63dnk,377.93284373682053
id_rkhciqi5gp,248.68475903239425
id_9qs0u03sne,353.70508769665724
id_beoswwa1jg,244.35300412517952
id_6yzetfd0jr,168.5628591950196
id_ip144xmrio,209.47234677279005
id_y1jzpsul42,201.7017251723445
id_irudkpu9cg,225.35056023893085
id_43ve2f04z8,281.337278124496
id_4gby11apzd,237.3972557365607
id_brzm1fa82q,245.12239449150704
id_cikkzszzmw,239.5009296693856
id_93uc5zchkn,241.54066848307346
id_n6z1o0dpy1,191.2666761520417
id_r9li959sxm,251.77535249702262
id_om1wxt4lrr,249.64371487181486
id_kj1k62c4hk,232.90997959243825
id_x9m9yvh87r,176.03634545705327
id_xraq80851o,257.00569971792453
id_hs3bu1nmse,227.39317546927393
id_w183sk05qy,346.29053237491206
id_ctdw7mpo2o,307.7093164619817
id_ycnd040s0i,226.3601337608944
id_bhghd6qnsh,204.13894050682737
id_yly1mkkcmj,207.89005131920095
id_bhcer2s6k1,358.88378385279543
id_ts9g0trocv,184.3650950729286
id_1qto62qavh,240.365078773415
id_0wajzy8ts6,356.81999357168877
id_wpu97wbqk7,216.12729538977717
id_zmyx8uismd,215.9311323229006
id_nlxvai48i7,196.8962091750372
id_dkdt1jrmsn,241.74297107154945
id_8kq3got9a1,185.64996675531617
id_lr3rz1e86g,221.6924072617283
id_6kzxrawpey,352.640519420982
id_xwyw71ldzx,362.68165706994336
id_kkivrvc6dv,180.57943304990465
id_94wuxmw8rb,214.3716016494489
id_3q8sdy56bq,211.39962341794745
id_oc2m0zmgnw,214.23915156315383
id_pwx9pelurg,381.9341402650462
id_acjbfx8dti,418.94969119215256
id_eum8a3klcq,251.17533094434253
id_444jxq8ki8,362.8153154498856
id_fokwurehqu,242.53212577151507
id_20s8fncc9t,245.85220884456174
id_ifa0c3dcm4,239.89545248920413
id_bl23vucby8,350.17105195175685
id_o1949nqyfa,400.971067378932
id_y3f4c5fs4z,332.67508313292717
id_kdox62iiap,261.1621114126243
id_r8f5l77m7z,318.984435846798
id_6xieqd6sjk,312.44298229837074
id_g3poszpaqe,260.8401689732622
id_tv3dx937tm,174.6970871698352
id_kufhei9qi0,312.66560611938115
id_6xvj9dnlf9,254.65515898956377
id_977w9neez7,218.37558135297544
id_74zzcs47si,236.16759475529236
id_dkzrsecwur,237.29945480341922
id_fzaay03gtj,369.8130228574975
id_2qlkll1nti,249.179081874362
id_dkxo29nkhe,301.68656126847947
id_8z4hu1lzg6,361.2002236468023
id_bketz8ikkp,294.2496681179097
id_qbn6ng2ro0,243.87412704866827
id_pa1p75uuos,279.6347506122942
id_hgfifx9q4q,195.75772254881798
id_kqxhxu0vxw,321.8291836324046
id_eso5h6en02,397.63333062634473
id_tcnlwhm6by,279.44747382111007
id_2jgdesoznn,327.5021707943323
id_q1prt1nt1v,303.8539174093367
id_bpey1bdu4z,402.4339425607636
id_0f17xoy417,350.1767968648123
id_benw0ms5bl,285.15068658956443
id_ovvvd62h5n,263.17471323723333
id_8w0x0v8vc8,227.33862751961004
id_sr7nmu5cq5,298.5901376678406
id_uz69dxquyc,263.4443282033227
id_058qup1czp,269.71592405251124
id_9xdm5pzodn,290.4007333625382
id_9xiabniu8d,308.45678131222854
id_e8ov3f0ec6,304.0964716377025
id_ztov1dasd7,282.5188738164231
id_u0dv0t4gc6,295.5137740021605
id_vaexseqp4z,376.9702408678966
id_5e4jtn2k5u,400.61505447873526
id_g1f5h70z60,291.83729681536596
id_ei0npa3d51,297.1810133361484
id_w73v97w9dd,195.76078554258513
id_d01h6zb0k7,257.6338547726211
id_hajvhq9a9k,322.6742988293304
id_wfej53asol,272.4397725874473
id_wkxp2kkhas,242.15121502379458
id_4nx3hdlk3f,229.39663556000554
id_tvruaym3ou,362.967263503198
id_mdja9rpbvi,241.52114781888147
id_v3lg566peh,305.9057631649002
id_5a7one1voe,333.20098805000566
id_uzwhiiojkc,266.8723946008654
id_13zxbv2bo6,260.5421630945748
id_ex6nijku46,219.6711587094446
id_7dpkk65nit,237.18641304098765
id_g3bd1hun07,180.1701615400702
id_suwhca6van,235.02952773268723
id_nxc1tmyyss,276.4713903598345
id_eikgi2kr2q,342.5661774569988
id_n4o71g7yok,230.58390555283776
id_mpq671lkla,313.2969088979334
id_k8se7sutpt,190.93318325725886
id_i92idl2arl,270.2242991942064
id_5ingz959i0,217.04951552007665
id_bgw3i6wwpf,217.7979371028339
id_80ixty8tal,246.82588118955434
id_0a4e9fjk97,269.3089101060342
id_lbmmt6ea89,250.7860610909227
id_c3flrt1zuh,246.07657281322008
id_cvs2kktyxu,251.7719004252659
id_7mtozwwc20,249.2177762520162
id_dq086pe2mx,258.3638574036624
id_3oa251xapn,204.86376952135777
id_felfdwexf7,227.05071535617324
id_hxzxzh2uah,216.9551815035769
id_7e9nhjb559,242.49023820558222
id_yjzowwtt3y,213.52501865999216
id_kc77exs6rd,305.5812724341922
id_du9zmbgca2,258.15711059352986
id_j4jhp6ymgs,357.8194267888483
id_m5the81w7o,233.63297538553928
id_1s8k0qheno,370.9888601764209
id_b6q1wkhds2,219.87164224269577
id_cz225gdeoi,208.8261930559718
id_8lkvzskxdi,248.2875884181487
id_t301lndtpe,278.37867644631115
id_uzuzt5hcyv,200.78899060954512
id_6n47hvxwoz,352.1864740446458
id_294fhgybq2,256.4367459774437
id_pvdki2lfbt,274.1083698785938
id_5yosfti35o,207.11069466290243
id_tsf2ykay6m,208.97957062234576
id_pddkles1x0,175.26164592189016
id_ypzvugg3as,221.80829983343725
id_ol8i7nv30f,246.74426126811946
id_md132uwbf7,322.6742867234698
id_b2y24168l7,200.6216900038478
id_4yvwmu8cxe,234.33222109592612
id_tmy3b6ts38,200.6511567839817
id_cbq3vn3m3o,217.48233584879947
id_a8umfjb1ge,174.21628641755913
id_8oqx4hgwe7,284.47200268655615
id_y5f8v3s580,221.26409736161446
id_6kf89wa993,216.9298921886977
id_h7yzht6wq0,247.23961997928245
id_95brnbo0jo,222.99043561327917
id_4hb5judkxv,333.02179451951787
id_xun5oyhgjo,309.7657002679606
id_kckpnat31g,198.6095120613562
id_otccfrhvvi,205.77252496689152
id_jn6u5c5cjp,201.55195708861277
id_v933ue7kf5,210.53750964792474
id_mc2i376rld,168.43800440555273
id_9r05mz0idm,199.8265361038168
id_3wfdiqgoxw,268.7519040630224
id_c1n58uu252,201.3254516945138
id_7p5lepxj6a,303.3148117055941
id_lrkr587gkp,229.71816121880744
id_kvnb8ekvum,206.24327640555947
id_mqv32adp5x,244.12257583281806
id_20korskh6j,211.68857026596876
id_78f1la773c,215.31375181058453
id_9jtdzf7kcs,224.91665991262187
id_52juzapqcw,266.254063936121
id_li4wcjkc21,246.5652804025741
id_bwle5dl0sg,212.41312562433612
id_7jqcpniwxn,188.64506603009792
id_5jbtohx3rn,316.39255680246333
id_odokt2hr7x,281.50163742863026
id_kw3winhwi7,237.6787485241371
id_jj9rbh612v,340.26145737506033
id_26j0qg7uea,304.6184473033437
id_ycnpcmmjh1,373.35143882808325
id_7vaqpmlhsv,218.56928249413275
id_c9cup5eoxe,243.06576238489453
id_rxl64ozpc8,319.1683773888008
id_wlrwnnkbc4,228.19556271704758
id_5v07yr6kc5,292.42274620829346
id_twzj5jj66k,287.69350824705793
id_72mxu4su0c,322.9158172031838
id_c25uc85sjo,305.61244861752607
id_ouv903vao3,230.90233155763067
id_zyln20zouy,407.4857934640176
id_gl5zw040r9,345.5702827392714
id_g8wutb862i,181.99807905923072
id_s8gpkg7qj6,270.32513698785027
id_rmsthvc1sd,376.7130248942821
id_ke99qjo5z4,250.6170354096066
id_77oq3gka82,364.4745147126202
id_d4rug7fs73,257.61951110115865
id_0q4rgwhh5j,312.5434469797759
id_6a84c2y7xm,289.78479353220035
id_6q6h59e1he,238.97290804869493
id_dv8a63xtc0,261.5650462839024
id_27ono5yevj,314.82296612540836
id_v2r3sg9n1j,226.8173997128527
id_3p8yrwj992,226.38459394358088
id_wk8q5ydpwc,213.30045014310213
id_xddq8x5dw6,267.5777048354365
id_sharv68cbo,300.6687078413715
id_98fux0thhz,208.22628916637782
id_ago3payk3b,212.44881736550101
id_2bmny3x2l9,202.46552561485623
id_br2ieejs8c,215.6817407228762
id_weseav1xhv,280.0514322182624
id_qwf1i3cj7r,229.6192840878135
id_4fdnb4eyjk,276.38526100354915
id_khcy0c8nrh,188.97874177734911
id_kjsl8ka1vy,246.22345986420547
id_1s4emym39i,340.8880635560594
id_cfswxplen7,261.92574090760917
id_ri3sgqw5vk,245.09699132435307
id_w8xmcsup55,253.83679242280857
id_oskrymtnrz,236.1390116276851
id_a5nzunklam,240.96786449389884
id_okj6k5qcws,219.0693115916741
id_ja07tx0n94,216.81842741969604
id_1cu5omuey9,190.56001966244125
id_ph274c2i2p,241.29984103030404
id_sx300bfhv2,248.52239115671247
id_xlkeen4coj,172.97387356910292
id_bhdjsv4g5r,400.69975901540045
id_doxq14mqw3,214.9776241990082
id_fbog8w5ysl,235.48100706320244
id_nf1gsgtgns,273.2803762850527
id_10f0mij1yf,215.88101649114495
id_m5e0u3d68x,277.4676079067609
id_x6l5iwtgrd,249.82799551641526
id_eyx4q4fnev,191.2577102203987
id_4lfxjvfjkw,214.3243289240631
id_32u710vh61,187.78268274124747
id_zsw4618nnl,257.62029956895867
id_tzdmb15txs,260.90105284379365
id_6ngwi1vl1h,239.97207682613825
id_cqm8i6ol8g,285.326526216018
id_l7eneup5t0,278.41830040426584
id_sfbjw9ec2z,208.38489778532417
id_j7jqrbwmi0,282.62816506409973
id_wwdzrwgr58,245.60856338134874
id_kk82r8fpuh,327.2578303112089
id_wat59la3q6,256.49179141348753
id_xhxsyxysbf,260.00519826534236
id_actuxo4gmq,343.22206049801053
id_6qitjn8c8r,327.4227723830461
id_jdquy1lxet,343.03123718912246
id_g5325vgzzt,239.8601806261306
id_c4zrpwzc4a,297.4632461540417
id_t5anmg4v7v,304.761651233386
id_9af0ydgl1s,240.46471934568697
id_9wwxdbqekl,322.5104043864322
id_dtzemr8b33,259.037415854351
id_qye7rb9bbu,281.5285287497521
id_1s38ze4v8w,293.35872877758385
id_1doz4c69ph,311.28970630266593
id_18tg20wg54,308.0521592401196
id_mf6s46v1uw,321.52789536834905
id_krkw3iqkf6,237.94025806124108
id_tcql7qm01y,282.1640840229316
id_czit7flk3p,424.08937368790555
id_67vafahcsb,307.96515884512
id_ocawwzqkj7,286.1554838501265
id_6hwobiyszp,366.71154791606983
id_3hit2vt54g,294.7645511675378
id_kxjx8xtw71,297.96262611693436
id_ujvrrf4kx0,306.238800815638
id_p7m9x0qpi5,348.15683202760795
id_b2w6gxhazp,234.4362419987575
id_0glwf1vle0,288.9634222094554
id_h52hj66b1j,298.37716013042956
id_3ykb55avzl,267.73748220038226
id_4140yukx35,297.78025140193563
id_ejschtytb2,302.866281343764
id_bt8l5o5bpc,342.6116150249434
id_01tyqteuzb,264.9929391748014
id_xxtlit8f06,240.29913812007317
id_neowy957qe,196.75415934294756
id_ld5ad63fk4,269.6111783661798
id_9wphwvxjbh,388.32985736999416
id_bjwf0gk35g,238.78025004698358
id_nk6t94cwcj,291.3088325772152
id_c00v9db3kd,223.57514990769883
id_qljfbbues6,311.2296805616392
id_8l8rdvtd4z,286.97181100676073
id_ucd95ihefb,219.1694282541477
id_1h25lc42la,251.92820467843612
id_7rkgygr8my,259.0877174095677
id_qrzcnk9cb7,352.42617799689623
id_3osclzuma1,358.7342984368793
id_j7yo6gfpr7,339.6597217252879
id_m8zu1vzawt,273.77220229599646
id_bjboh76f83,344.00929992879554
id_msmgdqfiqk,282.9496973845351
id_9d9nc0plgr,274.0007128184159
id_fnstzi3enk,245.5840535208872
id_3h9gnh7is5,253.0437678297966
id_ymoxc4wuvj,255.70663427549158
id_diweogvo4x,234.42431147920644
id_wl3mu9y4pt,288.7146352802365
id_cypiwo10y6,259.8172735308413
id_qh3anhhrlw,207.18873491336348
id_83z9c83r5i,255.0134876947688
id_s1phnl1iyl,236.99857429687208
id_uqoypd8y4s,213.0115442147444
id_e1c84vnzi4,218.17154768381235
id_duvrjwe7j4,257.3100482637629
id_cpaolr5w71,315.6218440436276
id_0gez5n5up3,295.1580747032003
id_4dxpvc7v0t,376.17632168970977
id_wy3b3kwp1u,280.68244122584514
id_kcz6mx2ftd,203.72352205256024
id_s2azjdfda4,296.4405768868358
id_7zq37bq2m9,273.5659198438285
id_80ps7kboqo,291.29996888945936
id_wdp8cocu50,228.69324774137954
id_gxnloqrtfy,205.45121835851936
id_98zx0ydmal,232.6280057570455
id_ikydapbjg4,314.33846706217804
id_x9csxregb4,199.46943296530424
id_x726sqebnc,198.3946705748418
id_embux96a8d,267.15019476410646
id_n3zi21eakt,226.45604395500246
id_cmzvbp4gp1,247.5514624527595
id_lh42zi0nvd,151.2605432792207
id_lq6ofubnzh,169.32528675414963
id_ak1gmocab7,249.65740588354274
id_j2qbzdu60r,311.15516878641114
id_4s7frhrx0s,250.4843901074476
id_swwnl6ehwx,220.28112365225488
id_0dzgrhmq0i,222.34314168925923
id_bblmv4qbuz,171.08564763920145
id_ns1udfi49f,196.5858591048705
id_3t4mu9h9h8,165.3858237671083
id_np2i3652hs,320.04405214360725
id_0m1hyk0i2t,294.01600987446244
id_47086vwi8b,213.17650587306755
id_w1v8rlefq7,229.24458997160653
id_p24h3f2r8x,186.6133933932664
id_dlxm63a09x,314.2834359698264
id_ri94vbx6vg,189.73158466304443
id_wi9j0eune9,249.56287565711773
id_0z2yz02gho,199.0122974372438
id_013dywijcw,188.96185337588642
id_whd8ue3507,347.93203808358896
id_wmd6txw3qp,354.05879852434117
id_2uo9nruooa,214.5168080535882
id_cmezkcvthd,312.1275029935683
id_k00w57rr6l,297.2208511780424
id_rm817jen6a,205.18461580367082
id_l2wquc1lyf,223.0821912715132
id_f2ayymfg06,364.06549891468705
id_2xwro4u4ib,314.9170525709905
id_s4gcy5ldea,263.7891558612674
id_llxl5vedjd,282.47004819095423
id_ra9rzjf8cs,187.8110232887037
id_06it7wxay5,370.7708819136152
id_p358wai3ar,305.06108507149844
id_63q6x7rc50,383.4455225322106
id_yrqlregvfr,316.6789210896425
id_6ey2mcbqfl,214.15688612556917
id_xz9gud04ug,269.2269749904344
id_upa56c1xqo,302.9026375132775
id_apci48cec9,320.8462930282973
id_ivaqozbhfz,315.4058645222057
id_5r9lkzxt5l,235.27151867576322
id_q9fyy5hlug,374.7935890260131
id_fia47n8arx,294.53266743690756
id_c8ytbvxreg,250.20405734619894
id_715d169b93,290.5264483442084
id_i41soezu3u,234.9061814054709
id_ghl9lkmkbc,284.85757131854507
id_jhwg78mhs2,344.7177627240871
id_mbp1opp105,249.63506176516952
id_tpecaex89x,283.4951360914328
id_gkqkcuvhn0,250.93300120500294
id_jl7cx8vnrz,312.34191001208916
id_z22ai1ufxc,235.7421542305279
id_cf9eqd8nio,301.2248692837296
id_4nvfqr7bwz,407.4646840524955
id_styx2evpu7,237.71455768946925
id_r4qfxsd6qk,300.7823003228415
id_6ula6jqx2d,269.13735166732243
id_ab11cvvhj1,307.5567528928604
id_lru4a7apze,307.4424997052294
id_1h8qiqvba3,245.4375238731845
id_jocn99q8x8,336.8906420301698
id_yqd8by9too,378.46480599257836
id_3vo780asu2,368.83939594354615
id_t8qspqxocv,338.5717473815557
id_fxt49fthrg,293.6295896831585
id_9hsvvxccfs,278.23756149197396
id_mdox4e1wm7,260.97481020684734
id_e0v37gnrdc,304.54610180562156
id_4higx88y8s,297.75598230766076
id_dzdczy4694,268.7534592800621
id_b9cls7es48,269.5739404597559
id_ii1b1vx3v6,290.188220169255
id_qjkp2dhlfd,343.4063168281853
id_4tycdb5q0i,236.45141050805765
id_enssz42xj6,291.33471139309853
id_j2lnxkjgor,200.04232950490754
id_d1kz51qzme,273.917157868944
id_93y706i4uo,318.5506484454238
id_uo33uxmu30,221.36982983798853
id_42uhyp7b1d,257.7787326371204
id_557lj2gncx,257.8835886839254
id_g646xm5v36,279.3418884181175
id_3u2zh5sctj,217.98849596939743
id_88m5txqfk0,240.54548199093244
id_636veo7myp,342.12737485474617
id_mw8i11x4p5,253.56278500107226
id_i01umxhgoi,208.09808384509455
id_7htzho5nfe,267.9154921565754
id_rqvyvvqjjo,282.91476742121466
id_3sw1g6ujkh,274.45666495368624
id_7koyjh6lyz,373.29001794851143
id_h33dmmxmxt,361.7512849838961
id_b4zqx3ey2e,250.6357697187295
id_rigbnum9jj,266.5863778871681
id_hwnk2tvpjh,195.3185599059905
id_3djm31ze2k,256.1003678980177
id_y1b1v2oco9,342.8793291742738
id_uiiqit3mio,205.129170432925
id_qjv34s9tgs,266.0375179133575
id_mw1dkfs5o5,302.6908359820297
id_zgolsofwkv,224.58302508482248
id_gntve7cvte,312.17332925796205
id_mv1hwwypf2,238.285346276266
id_66vowuru12,319.85604672258427
id_718x53xw5l,295.74298649756685
id_y5duq02fcq,219.1804871276182
id_nabflglwpr,258.30273844367196
id_m8gl9o5dbz,232.5992731609452
id_s0yzedmwy0,165.26193106512764
id_n4zpk50eng,295.4782273070217
id_bf0mqyujkg,297.7710162608174
id_db6l9ymytu,369.69890620611795
id_zzhsplt3ae,205.31127282738277
id_gxvybxvz61,283.88273327203257
id_2hrjgfgo5c,246.73310795776882
id_qnvbhvfvfh,247.25447891544857
id_f4j4e8toay,256.9210725106059
id_yh8x8izood,253.7321037408353
id_r9gbkhu2zs,225.9624121812077
id_hzuko4hsbs,187.99824425709406
id_4akcsf7v23,166.60439787300035
id_y4a4bry0za,194.9387023047245
id_juefa18khg,288.8916184099151
id_8pg965n9uh,267.09784314460495
id_c1qncxdk14,228.81010139414738
id_fxdpjby57j,277.05139696904615
id_maxuuv6qwy,184.02709761404705
id_hqp1zmq2rl,189.15988194514185
id_7mmcd60iqp,225.52608635144628
id_5f3qz4huj9,226.18785403398653
id_m6vn47j4ge,246.1496305603565
id_mkyjtq0uj7,249.28371606214074
id_dd1qog5gsu,226.81907885195636
id_yltiy4ct4b,211.22099468033474
id_l7g3rwiyu1,172.60368826628533
id_y0nex8ki95,291.2663487900722
id_trj4ropjy6,196.0311478757904
id_xkfnw0mcvh,219.21085383141957
id_j7zs6cpw42,196.6770135431439
id_o55nqbxkhg,245.4462692601988
id_l3neq81nk8,217.97855936708547
id_ft7ki0jjoc,308.76194308884635
id_1doie955wo,269.0455496983736
id_pap3jy3v7v,251.96481029104044
id_64zbc8ou3g,167.51247038467017
id_1ssvmd37d4,257.39996539918184
id_5i93sdabtx,214.84237499559998
id_5oej7jiuyx,309.16792312188534
id_es0jy27ww2,238.49961510713177
id_ze9u1sfrwl,202.52354222719393
id_3y84kki549,360.3841375012224
id_glm9sjal1a,278.10512569440357
id_kjp8dcqhsa,236.33743421747644
id_2s4n7u9qbe,213.93266135340343
id_57l2n9hbxk,216.83317320004335
id_0rmqw3hqow,364.4624894965187
id_uc46nrbgzu,236.3694803691881
id_zck6gqoy8o,223.9224457680605
id_kmohqwxbue,220.47147632970575
id_dswkvfgg96,267.93655965545275
id_72kefc7g3s,314.1242165728392
id_fsdqdwkhec,227.00282211902123
id_yaf7kh6asz,300.8552133086611
id_d3xd7t76g8,309.851148739197
id_ekxnkkalys,321.7878522800387
id_foo1qhnhh4,284.4641618464442
id_4gaub27eaz,295.9015619678274
id_u8ysh8pwg1,259.79951705594067
id_zwxals7wca,346.07931262212134
id_qs4s1l5v79,279.46927939399706
id_k5fj3oay3x,269.05982141523845
id_3bwp89pu3m,261.9435769397677
id_e9eglkp5vv,324.97040730657307
id_t4qjrlzxns,216.679306522335
id_kn8xo43og2,263.3786040332434
id_48859izqh3,354.05947152279373
id_9967xanbmk,231.2188914886714
id_eh3ys96anu,387.66887449213664
id_5bgqsh9x4k,317.0642925732887
id_jwouft46is,295.01010311089345
id_3ck9tvimgh,236.04268350766563
id_n6s7duali8,222.19310822739305
id_6kgl1almmg,396.4478804016992
id_gxefptsqvq,315.77622614756797
id_ygnr1sn381,363.98293658494487
id_v3y11kgwad,235.76811800739725
id_q2fgzp3xx3,254.42343672753498
id_s7k292eya7,275.7384970402211
id_jt2rysim4p,317.2787245664291
id_yn9vzuflej,211.26591101322995
id_362cko5nwx,294.24694667064944
id_d9dv3lr4k1,331.8176386398107
id_10un4lyvek,295.9306427399839
id_z0j05634v8,198.45416268624854
id_txhxlogsxn,213.5981459862187
id_18c3488pxk,388.4750836604582
id_la1ypixght,280.7598228468596
id_t9njgxp6v6,261.52340657673454
id_b8yn1i9rx8,282.0312344182821
id_o2y4vg1agv,296.0719401598199
id_fvx3zhir92,255.0001991420791
id_nfj7rfs9a1,239.18624248428253
id_b9q3y3r7t3,296.83527365779827
id_yio3jfuvmy,262.35720818666294
id_54qfk101o1,356.81585543176186
id_vox6mwiloh,217.86147225645473
id_u1xceey131,305.90423082641405
id_dxpgh1o1t3,301.45282331983555
id_2ujws46vir,421.0561868682136
id_2n7hyhtkrb,349.09779924471025
id_4779bmeme0,334.20547104289
id_b3eztfwajg,275.74485772630464
id_f33f3mdfla,295.1847144162448
id_xkpq6na5ee,308.77477127349636
id_3ihace1d7c,235.01053832753968
id_z6wylocn17,233.8150644740411
id_pm68i3c3wd,228.81531683598018
id_trjqjao4jd,236.45391332139124
id_1w15d7g4ge,229.70005067750856
id_3aici5cdi6,300.24829568625364
id_kbloxrog5z,237.5965675388641
id_ovmpiycff0,225.26072567416185
id_ly3xdcti5t,298.1122245690371
id_qb0ptrppyi,263.6895517222857
id_wxb5nd3qgd,262.362151305214
id_1ry1ir7o6d,285.59946548882056
id_6wbo7y25e7,246.58643736781227
id_tse3bpfaes,333.2088660847727
id_9n988uuhtq,298.11568381670224
id_nzhdqdkc5b,378.69807812424926
id_4gabr5bciq,285.4647526403216
id_dc61oe5crn,302.236041861324
id_7lbdu1bryj,306.03414586856155
id_mhqk3070i7,293.5630921326794
id_thtyylis4v,275.47286050534996
id_5iiheoohcw,227.0176806853378
id_vjiqa7ykcq,244.5983633939524
id_638vs5aq61,313.72994208793654
id_6cjnt5825x,266.68393336026077
id_534km866kg,253.53830455179747
id_fzkvzetszz,191.04349553831975
id_uwuc9e0lop,286.8672112232418
id_ncfz0o03wc,223.9637683449044
id_1sd88o70w0,259.1511684808695
id_9q3xoxtkc5,277.994028150786
id_9xf47hwalo,199.06932876827108
id_c9e6k7t8xv,204.17087474404863
id_60hy4zghxo,228.6568372447017
id_vcj2pr28k2,312.8175511580193
id_nik15zq29r,223.43687062848423
id_gbsfx2i90n,248.3397842422756
id_sm9wfzdrfb,312.0532306354158
id_wa0hhql9xd,163.09965679569962
id_xyicbz69wn,241.15096736795397
id_fzfp1gfiyc,250.7238193585723
id_6jd6rh3joo,209.32852096047495
id_hohuu1719a,296.5813020910118
id_45rgo61j3e,234.77583224482456
id_x29n2ig0by,233.40905951247908
id_6pqpt4bc2y,269.6449923046968
id_kix768jdnh,311.44210938792463
id_p4u0awuwyi,259.3658733334052
id_5pkc8dc3pp,257.5127879106201
id_o8g3g3fyi1,301.9736251934927
id_gwi1towzf6,267.71787272238663
id_tl446ky5so,291.5721662384803
id_fv0k1xke9b,284.113066181406
id_17qgwq8hor,235.09633165204855
id_h169vb8h8d,262.15098822052914
id_vuv2g91m7z,261.729479257687
id_o62drksqmp,246.2266089778885
id_uvitqz5bhf,225.8806031402431
id_x1v4xuet0h,216.36641555761375
id_jr4seoen2w,237.32379977048237
id_q1efjaqgq0,207.6222625496842
id_ji3o8np61b,243.1360537332956
id_vp8mci8xh0,234.9239404839362
id_x5f7i7wjcu,261.09940336488705
id_eej779rshs,261.0240799476171
id_l9g1xrh5vp,234.02573142445254
id_9qz231bbzd,233.2595205050589
id_3jf3q7rnyi,176.75804437139487
id_y2oiminmvu,245.38797405842854
id_kj1d4jsmhg,230.58959755374917
id_b9dbh7l628,174.7697871933962
id_qkxd74j593,205.02989492388664
id_f9aer27ojz,243.8629786247802
id_v6ovtq73uh,332.9533211465235
id_dha8u73072,207.8155638871882
id_5cdrvce6lw,266.42866657888
id_05y9wpsdwc,228.32091758367213
id_ty03p4f7jh,232.73816766379338
id_4rxcuqqsqp,241.32177526851984
id_x8pk6xpjba,220.13064302817997
id_rjgh33lh9s,224.26339494554165
id_07eag0levd,245.38274471985596
id_vxesong654,271.40875250717323
id_14j7bt588k,275.99231477071964
id_f63m71zrb3,268.0918540118293
id_o0xatx0hcr,281.5075626204383
id_96xc5f8bgh,286.8195752559438
id_0t0yv19f1q,323.4519743138075
id_dih5frts8q,306.10145632208287
id_trmmfm32qe,218.94164819079077
id_hu3sq815oq,344.01593122630237
id_cxfmqit9ap,303.9567711862988
id_7izfmpd326,231.05478246511151
id_qd0tkswd2a,244.6692681585695
id_otlb3hargz,324.10286031212377
id_st47fowvrj,321.62917797519555
id_4h4pdth392,273.7861705555998
id_g8trb7wy8n,258.3254971929794
id_1wx11gvom9,272.3159211972374
id_rvq5ol3w4x,294.899095560668
id_7sttnrbjre,254.07306251106198
id_pip7eoyzmk,219.4093188967825
id_lb56ukrqt0,276.9541647547478
id_0hyearkq6o,265.5756718903296
id_mr6v3oygt6,229.11822309945143
id_yzbu3830gx,273.12734552768603
id_94p4j6yomt,364.1153448771419
id_53xsefo8ab,284.9248530314616
id_ymuv4r55o4,391.2432906772971
id_nqkiglgq9k,323.3822839342007
id_q6e19plrfx,227.8793797576911
id_poxowfpijt,317.26232491819763
id_qgt2oyneg3,286.69850235046573
id_kr9teempq0,251.24274709680677
id_q43rzgs3e5,271.119107243477
id_uk0j14fgpq,332.4866656160815
id_h45ejiaqqh,242.93106821946427
id_u08b48hrcu,262.25014895133995
id_jdgiv3t50o,247.01734029466434
id_8h5gfrz1ja,283.49291768049517
id_mslk5ay6w0,289.23321310406243
id_y3hecd28lq,282.75035919517416
id_9cmmjowuen,380.9534092248027
id_3clagfxagj,173.1914132542373
id_8sttc3ns1m,324.3252852076138
id_uv4kyh58kt,320.5975134416984
id_zmu5hapnm7,194.55812314383073
id_ybt3e2qbt8,341.3531666397721
id_yvdig97vvd,250.69184738190032
id_wbsyjlsxkt,264.64851395294096
id_39gbv940fx,298.10318316398434
id_78sb1wtf1t,312.37464985974776
id_o191u62lgc,231.5519734449482
id_na0qbpl8m9,274.58182694326297
id_daa5h53t2o,337.5298482171614
id_z1zg8tcsm5,275.4078509683411
id_dkvf88hlsn,267.12187059467817
id_qltsdtf4pb,332.97715997122083
id_rcnbilmlv3,308.80319632817924
id_rjcx3o5cyf,365.856913628812
id_dcvlcfgert,373.3420641650228
id_jujywo4op0,243.31960399338973
id_dgbg639yj9,288.95812304726786
id_rifhty9d4h,227.045657233848
id_4cz74rv8a0,366.0152191166373
id_rjuh3wooi0,243.22422461074885
id_26raoqfw3b,287.6796313827241
id_yleyy5sp4g,215.5922529481289
id_7lq42pqlpp,235.75057993035776
id_x2m1scwodc,352.5030695788336
id_fs6ppj71si,284.63585563400125
id_0kq8v62wnx,266.3064787514566
id_qrf9ul8pfd,318.01198876771923
id_7k9rf681ac,228.05900586525848
id_0urpsxojw7,328.95416664027834
id_oj7le10r8n,378.9325261507647
id_8w44b89inq,213.01825589312762
id_jooksgf7r5,321.68476174276583
id_zjwzzwzjvp,329.8286486950459
id_hit20lvy91,331.10275029060085
id_yjzrxrwvr1,333.62017606104104
id_ba1airy6ru,272.8254793590584
id_fatkzdj52m,232.82625798274987
id_h6j3ijc59m,292.47133940781276
id_r29rhi7ayb,260.48372969822896
id_n2328yoyny,260.47044278094205
id_2i3htqk8wu,245.6365375788993
id_y8t6iz10zy,273.9676646066101
id_j2xlsmt1az,289.09692362597013
id_zul4loljtn,345.58126983750145
id_5lfy1u1m5t,406.72366617274685
id_4r448lp054,310.9299308123938
id_ks3yurf69t,349.64569120039215
id_xlx05ev9ep,392.81965486721765
id_ybqhvfmvb4,290.669862128842
id_osbg0v4o7k,209.42374432594792
id_34amm2jgt1,238.75431115217586
id_651jn1ycqz,224.63092994398613
id_bjh20jwc0s,288.2569518892823
id_ev56qyrn6d,271.7528892440704
id_8zf79ts7q8,212.26071086048873
id_fsat380gb4,266.47187058393234
id_5y6h6w77t4,244.39715372728872
id_ux3m69xsv5,373.61487942131
id_4y4b5x6oqs,222.3697213398218
id_4cmqu4avth,295.7567095604088
id_gd9bm0av1u,236.52135540474987
id_wkp093zyqi,277.3540297390683
id_ubo7o5c61g,224.56117798107937
id_da2q2o7k02,259.1163167864965
id_sfcmtklyr8,259.9876499470696
id_qon3ototf6,304.45956217534047
id_b1pwwzubs1,270.0945725574655
id_idrbyq1iwo,403.88904339558405
id_eo5tner8f9,276.6990270356945
id_dsl16jenz6,264.7926812857561
id_v5frf00iux,283.5912689285409
id_tijwl63sul,301.6491391086671
id_4nertyfo2z,191.0958018082815
id_1h3y0ycsbh,180.96169419417194
id_5ew52k2xfs,360.6091092686096
id_c1hedne5tu,227.60256101645692
id_drxgi1b55w,226.48324475830435
id_b764z0tp5c,241.02316084248002
id_n3ksb769k6,266.57932977352164
id_jvruvalbrm,246.77072956238143
id_qv4ehj6p1w,170.51861953867385
id_jxdgurw8vk,288.9964992218764
id_2ymafuhxw9,287.6716063934708
id_xgqoe9srqb,237.96004785467665
id_swi6t9g6aj,274.4953323829023
id_ttjz1pj6fm,209.10625476357708
id_8xv38j3a4z,238.4012996766167
id_yrqtamezkd,226.18579026709438
id_dzmpo7xtkf,246.3477201411655
id_u98r20l7ih,284.76875212617693
id_15w4tm2lvc,235.21488679237547
id_f2rhz6xl9n,216.00389717259733
id_so3qn2op6b,319.8544835155512
id_j5evcz5irl,263.56121798360243
id_4hfhscd1n7,243.64625997539957
id_akaaqo1io1,270.9007832676015
id_677lexrm68,270.1554673933141
id_4555ud3olu,187.3562782508235
id_b0q1fq9sgn,231.25874138883918
id_lbljktjgzg,170.8746628105671
id_ph7h4vs00p,169.47075245451646
id_8k0yeqq8re,250.11291981073268
id_0z3pcoyibd,177.1561425074643
id_riellbxfqz,285.59093068145563
id_22067fyb6o,216.99037817089956
id_fcxnbnpbtq,269.61238090543986
id_058r7cipy5,232.6272585193962
id_58g26ly3b3,228.45438549084585
id_hfta2jdk0t,225.85518901776422
id_l0z16v7e6t,240.802418358911
id_z696ot1p1u,258.29132050845226
id_ok22kq81e3,273.3588529753518
id_8c4sb9ee7u,219.97866551384024
id_j83bo3ks17,286.5114799183446
id_8vcb1z1tah,195.02268497856858
id_cfy6d3jhx7,194.87048984517898
id_krv1ca6cfb,272.2948482344093
id_3d0miob1p5,278.6856007448178
id_iib9ayuluh,237.1219112213167
id_t5k9sx5xqf,186.7210486260186
id_zkw0mo1z9v,250.9630980094484
id_sjwqgvoa6l,186.52748833952063
id_vzxomw7xu0,241.35209141677228
id_ig9ksmea4f,275.09461440566224
id_p70jdvpgtu,233.6727395712859
id_m0gtw6nh7p,238.51230805505614
id_i0y6y5f0km,203.00925548481774
id_hyf3spl0wf,198.40196532229714
id_rshwplefjs,257.543715949351
id_3b0x2a5kdq,304.03821203098795
id_7d9vzan37b,281.53153964076563
id_1ma4lggm82,309.4112226269435
id_pym8ooemqb,206.2936696193075
id_b0ww1vi7ut,296.19395566925397
id_43huts58gh,309.8093037458688
id_ivuzjmumge,333.48758410171735
id_643x1kcl8a,267.47431243485795
id_8c62htwyf0,357.1024340962968
id_gbcegwehwb,261.06416835713014
id_hx6qnu01o7,325.3719025976275
id_r69gk2kevv,299.7998029935977
id_rfr69eoy4e,303.57953035407377
id_p815xbtmh2,226.56464654155556
id_q4htbc3mv4,358.89860815765223
id_3qu1qg5an9,361.46173509446334
id_jxt2raj564,271.04749064970144
id_whkxth8443,246.97713868139698
id_r5h0grolrb,272.6158727266261
id_gqz444p0t4,244.7675316116294
id_cm6tbu9klf,377.9019176651529
id_6gaw1mpb98,268.2844077420453
id_mi6cveknqi,304.8431333284383
id_hrztm9t3ga,279.8096590764872
id_2f9mvhe5a3,268.7571074641562
id_yrz4dphzc1,272.2843183145148
id_zngjgoo2dk,230.7931382347621
id_pxwxzopg5w,225.45722640336902
id_c40jzd2xtz,241.872747082531
id_h0w3y9kfum,330.3306463795026
id_78loal24ig,221.56590265370255
id_a6zbnq2jfl,220.1339258553756
id_dwojdf96vz,205.56762117366637
id_kh8t0u2ykn,243.34719923393408
id_ulncgfoozq,246.09984317853596
id_bhaumyn0jh,187.0476522674102
id_75yu6r1ix8,230.64582392436677
id_nvx1ah4m6e,230.16761046300584
id_4szygx4nu4,247.00894309467824
id_cfhk723676,279.0538702473055
id_rt31sygm68,240.9767315660373
id_dwxwdulu8v,236.0806188439661
id_dclo8jsxow,258.89125069708325
id_u0imoqh2c1,274.37992592389116
id_a4d6g1lekm,213.99575601808087
id_cwv9ah2kuk,188.6042897841934
id_1583r9rcn9,232.83920987722408
id_55v93496t3,211.32072595642387
id_p6iewno0go,212.47953945615563
id_a3wluzck8n,201.7335127247082
id_tg3rfg73mm,220.2993081156861
id_haijdo7a8j,195.50405606406227
id_aukksta5ut,186.7429194608192
id_vwfdch92yw,236.70459734920655
id_vr9rjzdio6,202.54221203554087
id_hq9rjuwiqd,184.69675315229557
id_plkyx8w8df,246.24407511907773
id_mps4kqn7xr,325.3552265409302
id_ohn2jvlaqc,221.14544669459056
id_r2vvygjx7z,237.06183265131483
id_8ythlcs4u6,209.3421709337371
id_wgho99po2u,255.61304984292175
id_y9o3zgw71a,173.32767356044158
id_5lp79xg2n0,258.738526315661
id_vni712633p,279.36149296207594
id_j2425ljqo0,277.40779718223496
id_01j3m051aq,204.83754996337953
id_r0n1tbsc8k,256.82320037333074
id_y7ffq95y6e,162.16677974580676
id_hajr115naf,364.88848895929834
id_vvmmry71u1,179.73475465599302
id_vp5euuu0a3,227.27469097163018
id_cu85lbcwzc,284.50373459763233
id_p83lwl7p4d,241.1423577863292
id_xnvv8228h2,225.936886237064
id_t8sup9cci8,268.58481842334277
id_ryshnzfv4d,219.1404283644394
id_h8xe0d6wnr,301.35146112969153
id_y3i49rn3cl,274.4885442737092
id_q2e9lqyx5a,278.95429733201814
id_rxs1idu9rd,365.99380971541035
id_4oegd66w25,264.9674803159814
id_bb5wq93x8f,250.67790121239247
id_52ecm6umwm,414.7286952032618
id_8dwwuytb5v,335.9590167527879
id_zzjc7k91lz,307.1015202665073
id_13zklidhjm,230.25050895709222
id_3987oyytgm,289.0706012378291
id_vrhp90mg8w,198.85255805181384
id_qxd7crl1kv,263.3141392662004
id_c3yqmpgirm,272.47147213057
id_m04u0g3jmm,265.6897127054414
id_oh231618a0,317.68762910680044
id_mq7wn4kpnq,298.51461699973754
id_1s9kt1d46m,326.222137220177
id_o2jovbwixk,216.82554371256631
id_lbks4puqps,296.48952605867885
id_s12qsk2fm3,284.7287085982023
id_oy724ak7cq,230.62892103712838
id_g27rgw6pl8,304.7177100407851
id_uvlutbrlhh,241.6258164109332
id_uejyos5gh3,357.5514932320938
id_9hys0algtd,298.6834261597051
id_ga16h299c7,321.2112817134541
id_gxrrg3cnlc,344.0541949497201
id_7mz1vu7g4g,278.87760532176117
id_g2fmh836nu,244.69123560366847
id_yxk6h4ayeh,313.9554232888803
id_unsewqvn1a,219.5113002501238
id_1e0dh5jqvo,212.95331244488779
id_ieyz0z6h0w,280.8681852755844
id_t72jq7wg7f,231.49235611030443
id_h18rx6y3e9,239.55044973606292
id_70v67oh9n6,274.13021540866305
id_jmw9nldr1w,296.7770233062189
id_484spy9w6i,303.0019982401106
id_g65c62aekm,349.44958953331167
id_wv3teofdra,254.43165830925994
id_inx7pj1zao,238.79799092276718
id_ny05t5mh1p,228.0866149212838
id_u5tjmpvirk,338.66469174908093
id_svoeh6do9g,220.2919759943607
id_m25fiokemr,254.21320868269217
id_ot5b3e3mun,277.8376324402438
id_ssjjy0d17f,332.2839758775617
id_yru4k5km7g,194.11446566716762
id_gr9x49t37w,293.1367934727744
id_dmyl2a0wte,222.2394717697556
id_hc5646p82r,269.26701721989645
id_elm57z8vqj,271.9858394751462
id_u0fstcz8di,362.1732579167048
id_qttfy8k8h4,292.0480482728827
id_o3axo0etr3,285.89518129464864
id_2q9jp9vnu1,218.44226568477995
id_q6ms0le9xj,300.07039538664924
id_f93eoya8id,322.22061541744966
id_hueq8wmyii,255.61538796109284
id_lf0lyj77n1,254.46144876238128
id_luf77c9for,291.936315829326
id_d0ssfcbe7n,397.89750171997815
id_qec98cuhd9,289.3463808742041
id_kj1jee85qf,403.2105916887601
id_tegcy3ymge,239.87313541484798
id_qtt1ub0cqr,244.89218769440154
id_f0n6fd1fzf,301.0590551494839
id_h1ar66egyc,387.9375151039146
id_81jnrshsul,246.72519980486388
id_jcg12akmp5,202.55564436100022
id_aq2pxbmh6f,221.96546571201117
id_e0qqf76fzh,327.2031932721623
id_wg4g9os7j0,222.94328209490862
id_3oodaxb9y5,269.54865342364445
id_kbmagd8awo,366.76621044610965
id_j9h3i8oh4m,249.70078187452677
id_hasyime9kt,165.22679134488146
id_sp1rci8n6i,275.1588319725536
id_pyl3gv21d1,304.4172711920268
id_qal583nrjb,338.58290389873497
id_0jahn21yg4,260.1123705487688
id_cdgc01qbv0,238.91187248125615
id_i6rcrq03t3,258.23484345649405
id_8u55jf04b4,262.798372093512
id_m6pipj4ki2,348.65615896969325
id_gy8s836zbx,301.9719176719915
id_0uh4v68wol,279.9701016403359
id_7fcx2np47p,306.7891555083067
id_6wr20e0qhu,282.7875610551143
id_tof6i4dxr8,378.6375451866864
id_k9y121i3q6,261.7434783093936
id_ufnloy0p6l,211.82027316807992
id_bmbz4ag2h4,250.49156360544362
id_66fiqi3hb7,242.31785201724202
id_ao488ekn63,252.55247752942358
id_qa08032ux2,263.57913600567855
id_dksj4loxk5,247.41193982657748
id_xcnbk7we8b,247.64184697865585
id_d01xs14b12,281.1119244402485
id_gtbikppc9b,246.8457261124851
id_vexdtontsk,230.23791193839037
id_i2u4lru5pj,309.1607970579388
id_jd4dzel6u7,218.9753928099
id_lpa9r07z8b,337.5737072292509
id_51jaijw22u,238.70024841576935
id_banl3q7xba,289.84291273463975
id_vutwngujan,212.9832189692418
id_8ymb5tnc39,310.60129436707115
id_5o92himecd,261.31319510790115
id_j65gxna4nx,177.56715828982848
id_ox2wsaw3ia,231.67689482067476
id_k2707sckem,323.77497490541174
id_mpj0lnxacc,278.192000356768
id_xp21rc9wlj,231.55026958254658
id_95qlrnfn3m,232.8439156656235
id_jjc390qqbh,232.2020688565242
id_5q6ntj5feu,215.18007538745312
id_ulrzxc6or4,319.7305384030434
id_wyvwl4bqdu,338.3577410633603
id_f5b42pbalh,265.76394895188474
id_3piuxvnarz,308.18750633745685
id_ujdq27dnuy,197.81098933072448
id_o3842mf5fv,211.03200660681782
id_vt4p2wegs4,263.0611264516291
id_z4g1p19t95,314.49515596428506
id_bhmbzfmckd,236.07785560329458
id_lx1nwyvve4,227.15128665990426
id_4nsm6zzd4h,191.97958265464064
id_9jra8eod1e,258.2482605217313
id_qbc2s39kpt,214.2535643665001
id_hwtnn2m6nj,183.69054097516835
id_xmn0zn0jvp,318.876849759433
id_5022yedndd,334.3383274282205
id_wdxog5yev9,279.8877844333332
id_aokky0eeqq,246.79890441156743
id_1929ukjz7m,354.53462013603126
id_6ezdibfpl6,274.01449836185674
id_muark7nz6q,212.78569030834757
id_l6s3otmx1p,206.5610533232245
id_evzd01c14s,236.02433832393217
id_h40j4g6lko,207.3668435707599
id_kn6e9u36j4,250.5915579309287
id_8j6zj2o5v3,191.2142021235609
id_mdql0oe5vo,370.98372184639044
id_0ejmzowt7c,244.60378516848425
id_l7koi9bqvu,253.71438327625415
id_zq9peruavc,237.102142084904
id_w9vfge8zvy,210.90383990695855
id_m1u3t8z35l,153.6887835448638
id_2akds1jali,261.0131402343568
id_wejvfo8xac,276.703784533208
id_wdhrtx9pfs,289.285947420541
id_ss8ixmpjdu,292.9536279430586
id_8v78f3tzgd,311.42189028711516
id_1mnkwpnpkp,334.3452673696758
id_jxl5nffktz,312.7420687443568
id_k4hums63fu,407.5404121065787
id_cb40n09vwf,326.1189032584588
id_ojvdj9l7ir,298.24500991215257
id_8xzd5q9b2n,326.0259767257818
id_a2oil7cfw8,300.733439381955
id_3eb707sqy9,322.60830303558527
id_fqpoallv5t,221.25641763291296
id_a0lghu0yk4,225.73874383620992
id_2s5h4jyu48,338.95447011730056
id_tfr1w48698,228.91231433946493
id_jw7cwte35h,171.3487511808884
id_4myw2ppn88,288.9445772981386
id_nu2j6ezn8a,307.35469127703254
id_1pi7rar7w0,219.12825332724668
id_lp1eem68uu,274.59165705643716
id_i59r7imuxn,286.39050863724515
id_jfhvjfzvfa,305.0898433248803
id_co08yelk6i,310.9474433083507
id_ozh35h3nct,372.1044460228875
id_cf9woqagxi,322.12338717097214
id_4pbhg788eu,315.0521534206678
id_xqnx58hv20,262.81779869807144
id_g7e6fyre5k,297.517777830166
id_i5kwutfr3y,253.4148109449209
id_xl68jb742r,309.62513877671495
id_dcvf785h1y,303.12188142725694
id_n38vpdzrl5,290.3883714097381
id_8520840u02,311.34167826521394
id_27mp59yu1m,294.8161900871456
id_053nn3pbfz,277.63117676604696
id_1hkqlxmn2v,327.69573110966826
id_h8b77jfadh,397.9616815724851
id_ohfvgfke8w,308.30641211301463
id_i89aiadf4j,276.3431828135082
id_dczobb4ttq,272.3030538297358
id_xu9ib17loe,226.96311993912138
id_i9njn3noh7,178.76428046103058
id_90v0etup0d,335.63850065956376
id_9p6b0j3eu6,379.0632986388949
id_xbtp6hvq7f,303.4877983543984
id_4p48d96fhm,252.52686274186752
id_34ll84rx9f,278.7368550712302
id_xvk1eas2cj,267.707965304546
id_u3byzh8on6,254.0045521245633
id_9mmhnd07no,333.7346672507967
id_tf59fmc5uk,284.8081728330492
id_eu8lfqr566,251.36045457668953
id_quspwoer1c,220.49800700629928
id_1udgdtpt4j,210.41483394416375
id_mp1wgahaac,269.17559324723334
id_ah05rwmnc0,247.0058197694945
id_99pzz5yuak,247.3134318910924
id_sts4gl2h3h,228.98953476360006
id_wkw4zd0vo6,192.99261239099283
id_42mzemmqf8,231.34607801408694
id_pfup6tmwcc,251.14398416296976
id_g57cpderdh,178.0079604522646
id_snv67pqv74,307.14814727587077
id_9htd0dd4o4,194.20016252567865
id_wvy11x9u8t,219.74599150212046
id_biytotjie2,198.7423347578467
id_xtb5hfw6bd,200.62967284277767
id_65l5hak91b,210.56367801688876
id_16p4qjzi91,211.93573060305334
id_fa6j0h18yu,205.78762566053382
id_0hpi956wos,200.08661210523306
id_6llaal44lz,203.66250038360033
id_bg7586se6s,235.57921471609077
id_dr24ka6xxv,284.6141576766693
id_zova02slaz,244.06075543550625
id_4aa970r08o,242.40308147020326
id_5v2k81ndi3,236.09914992170133
id_w0w2t7llmy,231.24798985612827
id_3v0pkvcpfh,236.53711884976954
id_5jyp9jh31b,238.11569863723813
id_s851gktvnq,257.1991871585134
id_0c31rjprf8,230.35679696125746
id_iclf8934dw,262.4067691581145
id_i0kzmw9707,228.9111198287449
id_mh8gne9yti,314.85155232267795
id_ztrwp444jx,211.61143267200853
id_7pzbvg9uxi,187.45241062733763
id_zyh4qgghaw,245.30227685704426
id_tirnjget2u,244.0046506344705
id_f89ptvm1ms,187.7661756513936
id_s5dy4d934y,180.64124602544405
id_0h4f1xrjyj,194.27398902709544
id_rbat046yjy,212.0184433309989
id_6o66xnm1yu,164.61472538172276
id_lv893wwhs3,203.85376958741773
id_t6381wgsi2,305.8678738442467
id_sgt84ewftt,244.8237647395571
id_hbt3rrighm,242.37383960526762
id_gmsjw4fd0u,216.59167372039028
id_rfko1do0hk,388.377695516877
id_zbl8jgb2uw,334.2728465453035
id_1syuqnv0zf,389.3312174421671
id_505znfwne9,393.40750977834676
id_64xsijlwga,261.3400861425587
id_np7zxu024l,311.8075453104046
id_72gfwpdc4j,383.1425974751437
id_0cmp4g2ubt,273.4614775201436
id_e6wx5c307f,386.34094803036345
id_05luzgibct,307.2387228402371
id_13vd6nfqlg,379.7741722063258
id_dk3pcbei6n,226.30292889178435
id_b98ce0qkq8,189.2663983153111
id_dul45idm6l,207.0944455435732
id_t0xjo4dade,355.3997858925917
id_nk6tuv7y71,332.8775816647916
id_eg12ovcwpw,300.6474913623927
id_hlwwfh3qu7,338.580965667741
id_kkhhupasf0,273.19352687243526
id_gnh3lx8tp0,299.2984244445667
id_k9sufsvlha,261.77266795351267
id_ars5keh0vw,302.33205565239024
id_r3gn7hnst8,208.0492730100252
id_asxb2wtleg,189.62656558351733
id_zbfwtwc0o0,285.0334273159904
id_y25nozzr46,420.02658026010687
id_hvslvvau3s,369.726165560405
id_ow5f3qjobm,240.25604018161542
id_afzc6ul1wy,235.1414634055423
id_xk9bv6spi8,263.8795594111071
id_cd4wv6i21d,298.38302513296566
id_lhe7t7ml8n,325.76875425675803
id_atxrpetdw3,442.4110609772319
id_0aj1mxix9q,212.4202975529881
id_no5yjlcm3g,261.7858738549504
id_bjvx3ng7q9,328.749904942952
id_uvoli7jkk3,300.48291860769723
id_8le9qqlixz,295.3092261723294
id_a3jcz7fc27,224.7082309629534
id_793ke4x5e5,258.66538471546596
id_loljxr0mo6,246.14898784831516
id_0v8evpy2qs,211.89202549588788
id_0bmqcvks9i,178.4899660170005
id_ug9e8wl8h0,268.92222679150194
id_aonmnfwfqw,299.9566114457223
id_9h7w4b7oww,284.8959788238507
id_6gxul944md,275.5486430514583
id_8y3pcwqv5b,222.59795070092179
id_6gvnwx27b9,260.7150923421964
id_w0zxvghizq,386.5833108787807
id_wmscdo85fe,242.42653526377842
id_xrbsdkk2c4,291.5939224761037
id_pcqx5u6le6,226.42204266866332
id_6smk5au66q,343.83394429578937
id_xmzhq3a015,272.57304066983585
id_ueml1oc6xg,221.66100595842292
id_tycn46bdt5,379.7662521209593
id_uhm4o38ksa,288.94204922873377
id_zz4zc4dfvr,288.77184711723544
id_3dps54vf0f,249.92104221883758
id_hp0ejuyv3t,324.94398555751116
id_qod41j7e0e,284.06443206163635
id_4s4s9ljllh,211.3828539345138
id_8vmswwvy31,380.17358288681766
id_hgbeyzbqa9,327.35745943845546
id_9eazgq4i93,237.49903782699838
id_15tfvndhja,203.83850646712952
id_akw3lvhlr6,243.78136817392343
id_pdrnzevlv5,273.57365895677896
id_k786vuzcmw,286.1897725941652
id_ii36qck65t,367.5835151703623
id_luo9wejxo5,321.6244534585329
id_dv7y922sze,289.1454813324946
id_zcs5e5jjv3,260.61807544757903
id_nl1ahmmrsk,210.97783873549372
id_n2j1w4zr7n,252.4281457167564
id_edhr3ruhca,193.69625262572842
id_gqpsd6uict,357.3905754738085
id_qowgzlfn74,279.64211223901884
id_qs2l2xtdjm,261.7524325340645
id_4lrdvrygkh,260.81062035028407
id_auybt6kold,237.16058806481738
id_ufe7g778jt,248.95911436418632
id_7324fwd9hf,213.88788498591967
id_sn73v8vz1i,247.77864680496583
id_ojcp5cpvj0,223.22242270883095
id_op1s93i84z,244.72917110042277
id_io2lx9odns,270.2460395176958
id_06zbl7jtc1,228.60423121904373
id_1ttiqk66yv,219.56764155665107
id_4pt0caxqat,247.8465377002471
id_ws58vo2yzn,272.8329388105476
id_tce3ozp394,182.07545868746288
id_q7t9b05o1s,191.6059901692794
id_awrm3qdtbv,227.75183520116803
id_la85j0outl,239.49430773506916
id_i6yqhfapf6,237.97561751416887
id_snwy8kzkae,242.98983228470692
id_6v79axy48w,221.52646921417767
id_4t3anhqio5,234.21412812317706
id_q74mccdm81,232.52059720592496
id_ikn6e0mpzz,259.3827257885536
id_v8txb18kd0,303.70404744998046
id_audlh8gjcf,263.3652110188436
id_zfs5kudqv5,285.2629543508936
id_rz81mldmne,234.55765382683634
id_h4oa84i9r6,249.0109184353168
id_htkc980daf,224.18911171709476
id_66wzrdbk8j,206.5200504793663
id_p8oxssnqa5,208.65028494169377
id_thd2r3g438,215.38346073050735
id_8ac2fo3bzi,239.25097145832032
id_9ukm2znbos,259.9135523351947
id_vq9e0a0452,213.62814509095003
id_8ao6r0by2m,213.29834409518983
id_hgrtbz1nsy,226.31807504870218
id_7dyx4tphmb,223.68619900431943
id_int2pnz27d,192.084596434748
id_1gi9fmazsp,249.17151002121008
id_5dhzpnfsc8,226.92396165896628
id_olg30s5x5y,244.8188743745057
id_t5523jtnh4,257.3083783371618
id_vqcahchrt6,222.2926438981956
id_fk1sa9hbwa,170.69451994901593
id_ok160agwht,183.05671721832553
id_xu17k53yq5,215.29380361496706
id_xmzcqauw3k,241.91939999460564
id_aour5rgxfv,200.39519548881404
id_nujzd9pafg,244.874393822629
id_icrv4paofp,195.22633099174917
id_9yatzebc2c,258.2192019389728
id_gtjn6hxle0,257.71501944977905
id_m6f7hnj4t0,265.2682604459116
id_1v1fi85h14,218.05499413852002
id_7sp5685ieu,255.36275515186236
id_liqr0uwqrd,232.76659782387162
id_03lwil97qb,265.1798770410379
id_b3j3fd3rmh,363.34636110053447
id_sifhxybxky,264.45880763835413
id_hz8r2su7q1,228.4752020871193
id_idsihhjz6g,295.0026747760094
id_o866qvk74p,243.34561006416368
id_0u1n7gtyxp,288.702552919956
id_lyrsajp3xp,275.36707035791335
id_bzccsloevv,252.1340246897471
id_9c9z014n0r,393.8403071042882
id_0che20octp,321.06760386248874
id_8lyeumoumq,397.3145990584791
id_9wiy3lc33n,227.47944618690278
id_9a78zekrny,298.83935640658177
id_59yb1kfkkt,380.9638885445706
id_5qugn6f0n4,316.76728938607283
id_ch556d7iza,354.32026693727244
id_yljh4w9iu6,294.49209454584684
id_cngpsdvk41,284.9546564806408
id_cpc394pksr,368.9909382356158
id_9e8yludv11,307.2741802934311
id_wmvjf8lqx7,275.99849976947337
id_fxa58eejly,241.31489574050335
id_lrnh9ds8zh,198.03017249588507
id_14c1s7ewjb,336.86423916022903
id_8h35d7as03,254.09118841717043
id_pirch232ad,293.859726846841
id_l2k4cwt2y4,246.09694640781302
id_bv77jcdr0q,312.8343336536129
id_fdqc1chspp,381.7011470050883
id_62ln78y7zw,418.20006799975533
id_r6uupiy606,287.60026784149557
id_pkr851vgsb,380.4247215284517
id_5dt20d24kt,248.08958342955475
id_14iduc4f9l,311.86207388042556
id_s0oyk7nplc,208.06062255085655
id_ohoxj2ghjr,296.12955093590375
id_lx42qav5js,250.4428421566486
id_7y4q699t9l,345.66709734584225
id_dp3acipvh6,222.90632666828907
id_t5pefcc5b8,256.65355418345564
id_lpt30pg4he,272.9690630364547
id_3t6sgybjdl,237.29491968065815
id_9n0a6kx46d,246.20501651316937
id_slvqhia6kd,253.8962632651375
id_8ulyzkbx2b,286.93644494469504
id_jo0fplisra,339.25731154611833
id_dy11ridu3w,226.9205877063604
id_3qf6thp1zq,193.43580370823287
id_irq21mxj78,228.20165664111644
id_w2cuumaw3w,229.01246895638673
id_nwr2vpkoe7,279.7838311759634
id_u3ih52igtc,248.7234360816246
id_o1esa8wsif,223.58116011026064
id_gwxneemm8m,173.93131838638203
id_mktr6ix79w,221.31527109250732
id_2ptvfeal81,233.70009494007485
id_elkdukvihq,253.55964997165853
id_qwk4cugilm,161.43177133660834
id_1oz3u6pwhi,240.02652034462776
id_y0xvef09vq,303.67886255467306
id_23gmc7gsmv,177.40698487165042
id_r0m6c354qj,214.88508920467237
id_r0sqad4l78,246.72850083644573
id_ghdqd5jsd3,281.16388959555246
id_x8bwqtepbs,198.70620586685257
id_ya5dvzycq5,258.79724810167517
id_9wue1vw0je,326.2061991670299
id_cv0ocjo7yc,254.3040057563978
id_tembu3gfxi,234.26880093975382
id_jtuteue33p,242.66978592317585
id_lzg90mlb1v,247.52418600260057
id_z5sz4wfbb3,229.12264728742988
id_po61337o0p,165.75902006942187
id_u3ds0qs0ja,309.7267697100139
id_ux2weabz73,177.32356988708523
id_8ew9nnhjzb,201.21646653852662
id_lpk5vf71ew,241.08084257412492
id_haz6ywphnk,258.879406046522
id_7r1kfjjh14,182.5386196295184
id_663tkhfuc6,244.75680691504783
id_z9c1h7fnjj,227.52273238074477
id_9dx037ij0q,213.9632799249675
id_f67k2oy6ky,312.93079057117404
id_cphmkwhhm1,359.7015147139361
id_jhqjrinix0,156.1174437723088
id_n5se9alz2t,225.59475212757056
id_lcbe5mxkum,234.50312331342198
id_4fe6r13wal,233.7733527773215
id_ijzj8r2su1,211.0798408630014
id_msz2inba0v,303.71028546955733
id_qd11jjsx2b,230.8496111513944
id_b47e89k3ve,246.32576562856758
id_7mb9t9x9tu,235.27753724325237
id_mvbhi84jmq,248.1680142186942
id_3yqqem9nei,200.98666777923356
id_ivvauoj9x9,228.01981307827177
id_3jy613lg44,194.50555302162968
id_m91x6rqccu,186.91200511537508
id_8q076jp0mr,212.7483291650019
id_4zcmj012is,346.381958158187
id_kpjiqdh6zr,237.41599665723874
id_dfajl055xn,257.7048790525705
id_frm2rh8uv4,214.0834752497259
id_yo72un0uym,206.85234014871574
id_wa7g7cyrfb,185.63524803361025
id_c0600luvkg,213.08032889617004
id_55u72g0c0l,304.82729485316764
id_efc4gex2lq,254.6337673380143
id_cdwfcwcj48,235.41164909844628
id_yc1gty3xqz,256.2196475926466
id_867am351jy,157.51424166761873
id_sf4b9w2jdc,289.834233334332
id_vsa8h55f8i,262.8378629259871
id_ovpfocbku2,224.36311772158544
id_xbgzqf0szs,217.5255552515612
id_15v5x12fo2,269.91630647295096
id_gxgs0b70cv,211.09861439621056
id_g13m7fp2dp,268.6882341813649
id_cav3ox8jtj,262.08222707768647
id_vhu174dncs,282.19727973086486
id_o6tcsfwljz,308.63782122011554
id_98jqgum8n2,295.1390297385285
id_m9og9r3r2y,195.14044421582625
id_abn9ddpwtj,227.0263871640255
id_4zxljdntpc,239.4761861855997
id_y6howqrmjh,258.29466276425455
id_5ke4foxu8k,359.2131700849789
id_hjqgkm27l3,276.1566301485445
id_f5i3m6wxqj,214.23366332115035
id_j8hsu09w89,290.61462347067123
id_czurwxut83,208.34626939004693
id_prz1am7w85,198.76298110123525
id_8bkmhgqh7f,426.7204332171123
id_yz3ljcsheb,310.89793089935483
id_ss72nbk35w,212.48737094825188
id_gix31lwz9r,143.2401692743694
id_n5jqluy02q,212.5398767731599
id_vsz8smmdv3,222.22910123901414
id_hg0e7skz0t,185.32370328697837
id_esawyovxf1,193.33364538408725
id_hc62abtu6k,354.12230849665485
id_r8r0rkheji,314.9483092508991
id_xlindtdnz2,324.1106340819443
id_lnjrpbezhk,220.7084208435419
id_mgtu4ilbfd,292.59098478080284
id_5xqaypkkvs,389.063840359137
id_w3so8j4bv7,242.0551251135782
id_7w1zp8cjcn,311.8915702010877
id_67uys7wrv4,224.88782794150956
id_r17gddig0j,264.2972698969855
id_e3vuqck2h6,254.9658984550679
id_fhszavu8ax,224.68939498505486
id_luamixbkgq,220.80567142002943
id_kqm2f56xwc,253.81579350239417
id_zyxetqm6wu,328.6067416000469
id_dz8pj6oclh,241.56254042690477
id_adeyv5o4f7,228.69557925056182
id_fz6qqj1h1a,253.88636268269707
id_n87wj2ambh,331.1017710802828
id_f70k3emlx3,304.84905332393606
id_vgoievdbtz,294.0620682781103
id_zh20dby41t,315.39107668099933
id_8bvi6lu9pe,318.74734067518114
id_q160zgg9me,238.15642017117656
id_4626is4jb1,314.52814361357235
id_yb12y6lzfu,295.26276697629856
id_q28sbilqoc,247.67351871970487
id_tum04j3i0k,260.90198111551393
id_rmvr6nrclw,381.8382551879788
id_htvqxawa72,315.78116186292687
id_fz1uc4v5j0,243.92367210359063
id_7b5p3b0df6,220.88208286606226
id_2g79ep4pkj,338.5668900859917
id_iqortjdma0,227.78021033169233
id_le8f4g0pzu,279.5602014772489
id_ekpzp4t5c4,283.8529136057969
id_gesmljsvjr,351.5615388875751
id_psei1suku6,306.0336991247859
id_hqwm0196vz,281.87096726605245
id_69rxifzt35,210.70931176030166
id_4o96zxaznr,216.72417305759873
id_3wrfo6380m,284.3925269324073
id_1fty7ttimn,348.6508147487971
id_c57ji3ham6,273.3353166213616
id_wvw6k6vp72,271.80198732257276
id_0p1s7vp852,341.28963826565257
id_b52rchktoy,263.07128311543244
id_xgf7g7nfe7,225.15346328948618
id_sm7nxaxevr,289.51513885287585
id_pyl58w1gtb,250.40858018696164
id_nqbx4rommx,358.4991283113531
id_19wzlmlzng,262.0569773446225
id_z1hdqiwyma,235.0278490812312
id_5mgd2i895h,184.91004992292875
id_60a72t2cay,151.7584364932474
id_a66evs0aqw,215.68022843436532
id_iuiyr65rvv,253.7461437514864
id_eaknqbzf77,189.23311516486748
id_stb9gc066l,260.44181211932926
id_qaykme2vjm,211.39124346221155
id_dt2xwaz5io,222.09136457491994
id_733wbi020k,270.0188506151006
id_m1jmaidc1m,246.2979728017468
id_iq7tgns55s,245.31718944562365
id_fyy6i6j06h,329.16535073576625
id_anv4htdeo8,252.23206700378125
id_f1xdbych81,276.9212856345644
id_vjajvq9znt,226.15428742066774
id_sqcw91cgln,214.66785754392762
id_w0kn8lsfm6,250.74926782046643
id_d0y2cmg99p,185.9491487947713
id_c0lde7ws35,226.76336785292284
id_nkpuzearf0,255.9874188192654
id_dny7wqpwsi,209.81216487908893
id_mut5ylxif1,259.398387499807
id_6v6apoias7,265.42995780431414
id_aanbewd75e,262.3185831436652
id_g3wrkoouk4,182.42515588591394
id_nwndwrpf8o,241.4687722434311
id_21ug002h0q,198.72833018658915
id_pd01tyg62p,220.5397498184851
id_wcb0ckggc7,234.94574672943114
id_3xfe9y6qy2,246.14604404702507
id_sg7nyshurw,241.230439621537
id_fl01fpudeo,353.59107516663937
id_oz6t207lje,242.19408055576008
id_yq2em36nu1,221.8791284827169
id_fe0mlkkqtt,361.3112188612471
id_1lzokw7hi1,226.5021902487921
id_1pgeidv7p1,374.50807317733484
id_lbrv1ljzfv,230.11522249733937
id_ws4vk1maeh,274.98286878458447
id_lkjm5o21jg,241.7120575188586
id_esgom4jjh0,245.0800012878448
id_5wgz7hxu3q,165.02996886929355
id_ce45fi3i9r,317.12008520038586
id_e0fmjam36n,203.30197098466607
id_t9gpc6cl08,269.1561611081938
id_4e0oh24nij,274.29529024392673
id_wcvcujkjfa,253.89028603660677
id_959hw03dsc,238.41880660667272
id_mfcbkrkwil,265.89455440550114
id_it7jxzllrd,281.99336483772095
id_8stz7b6m3b,246.2334623253915
id_6w3q8g9iws,269.1675970701154
id_w0ee2fe65l,288.87313391868065
id_fhgz7wzae3,312.24515858936866
id_w2rchmas4e,304.0415653122119
id_jmo9wtwu8m,230.26232492800466
id_uerluxmuy9,217.02704504565784
id_22yl0qw8q4,352.500221631136
id_a9oc6x2g72,321.909937424274
id_qbhgqc4yet,301.6287168233489
id_rn6vcvicw5,266.482410301318
id_ytcdi9ix3q,275.8076917210613
id_qzfdep9u3c,223.5171361579465
id_33pv489fe5,277.756609957351
id_u1gjjizqyk,227.7228561623756
id_w4rf4iv383,364.80720507550285
id_3zb1zekfcs,240.90572909854177
id_ertzpococf,260.41202329193635
id_y6ouxkmf0e,320.86769567066113
id_q4dvl9exoc,256.33213622661515
id_imi2dyvmxc,321.65012775918495
id_8flbm45nba,236.3595149607902
id_0d93zxtus4,344.0008630076384
id_xfxo3cb3tu,217.1673192062977
id_h8j2nrpseq,275.02864907587355
id_4gw4m9unp9,283.0558690435512
id_8lqfepep8r,282.10694448205277
id_lbql83v1pa,187.94952364265254
id_18r3kupks1,292.18943181179566
id_bz3fcm9azs,273.48807389445705
id_vxwc5l36hb,321.7257420925469
id_1m3ayw8orl,367.06411224743835
id_n7s22ti3u0,238.6433089492559
id_7ml18gt65i,274.94699773319945
id_pu8pv7gwz2,237.30375938604513
id_ru43es0zjg,378.43495560664053
id_n2y5dyb90j,240.06893541231028
id_v6dywtd3ti,220.58515043798846
id_gpm9b55dkf,367.04161463654225
id_envkemqd97,248.53143664333493
id_rm0pa4kk4k,377.82504631773685
id_s1qxkd8ot0,307.7369133082673
id_bwv1d5pcax,316.8490620547897
id_cvbktrmvyp,285.4280228884333
id_k4zxmef1ve,321.8855459437407
id_61jelkjb5z,312.4989874983597
id_0zwlyfwhg4,312.6537871592155
id_pipj3ap8ak,281.1664598151778
id_84xzjh13pi,297.79430033581906
id_zxct0q3dqx,251.24235840369354
id_5vji53n55u,254.03954385833322
id_7mup88cw2n,304.12024759953096
id_fomq0iryjd,284.0889632887909
id_5mq14kf61k,233.5684789842157
id_6tfrbtojwh,225.45897631276515
id_p1syd1j82p,282.90240974141597
id_2efu8wsf0t,296.94766216035447
id_nf6oaj6hmc,331.39841015007903
id_6szo04nr0p,341.4232504348525
id_k3zqwshvxx,264.5466641256321
id_xb9tzd4tni,281.938116547763
id_1g1133mxj0,261.9388794404145
id_l51e1wtruw,262.4554872973701
id_qgc87e79ko,269.9377677123007
id_2efd5sv0eu,393.06422423695597
id_93di8172pi,221.14264697814394
id_b8vvdmeitn,284.5641266700706
id_ci6fg1tigr,288.49171348584696
id_c1zgt77fyu,234.96464993430394
id_78t3asrjbf,273.42499257108886
id_6oanpv3bs7,272.0540215196239
id_zdhxor1yx9,246.83725186091746
id_hjug95reos,265.5517546072705
id_q5y6b2vxi5,297.0932881688848
id_lmmep6vt6f,218.2400037086464
id_ur485xrowj,247.89831427169892
id_yh8jpakk4u,298.34352578026557
id_xfom70rd8q,305.0380995670869
id_cx4og6dawq,204.63989904524973
id_bxqjc4lu8q,244.70807704027672
id_dfkdged93h,286.91332804960456
id_wpc07nnnn9,247.92052342938453
id_3w6yxmo14o,320.61325514551015
id_9xhx7zdwqp,283.2907489444369
id_fkcu4ryvmb,196.2802225932353
id_iydvhqnjpg,351.1714881115778
id_xfd5bd6mbb,196.01032338884602
id_pnfc3lxqxw,253.31412687609824
id_2fi5bq6vwj,296.8522096515369
id_6viyil1331,222.64536157587025
id_5gwjmv15on,187.4769048276347
id_76bk0rtwtl,254.40389117258013
id_f60ku7tfev,306.59256351059787
id_h191utquex,255.2699934015943
id_wi04z29d3r,202.10400130563966
id_fbntyg7wwr,242.89554564411014
id_v3zrqsqzxo,237.60025022345832
id_bw1b95righ,234.86582772138223
id_zp9ylpq5fk,194.49381416898584
id_t0g20s1n6l,179.62911551478786
id_dktjg2pt79,250.76727570099732
id_mik9bcfz5g,240.77909838428667
id_t7ahyyqmpl,227.60405415710414
id_mu6p2nd1yv,281.87082868310443
id_lff5hw3ol2,291.7553689523125
id_eccaetzkfx,208.18458231218756
id_z5lh6tnhu3,275.5863493308404
id_vg90abt8lg,219.22412903236724
id_b4kmym2z2e,225.26553775489052
id_a4bm9lp96l,281.66978394478167
id_ph0f1whio6,238.8482291382961
id_bn4murbtsb,214.4503967267256
id_mbkfsw8xc9,302.43395456694344
id_e2ybasubxp,237.99910549989468
id_6i3ti67p9g,181.93999053602812
id_bec40ri158,171.78354953436315
id_zacj6i063v,227.58840143722176
id_lol7o2igta,196.81404810442268
id_m2m6u5m8oo,215.58840269133216
id_g8kpxolorf,232.69434921426432
id_w57cuionsw,274.66564901712775
id_64x7iknxnp,223.51764296974412
id_umk48ombht,240.20399858765882
id_w8cmk8r8vv,189.6840300341597
id_vj0wx6wbs5,225.56271647260326
id_w7sma8wi3u,252.53933790104858
id_oqmb5rhi5m,235.8827916704608
id_i4y106oe8m,275.1813890418464
id_biglgqqok3,256.76069537119577
id_6026c6cyn7,227.61303853799765
id_ixvjw5pg83,205.1367207955465
id_w6kanjj090,166.8813727715739
id_qy2xteqn7k,221.58093188494357
id_6oi09e06us,234.42099548675242
id_37za3uvuvh,163.3127870261542
id_e1rym2u84c,215.84732198072322
id_85pjz4b5rl,247.14731816266993
id_ohyxbff88h,228.9074850649275
id_dz40i4pbqo,239.255020519424
id_kfb0js1w3k,240.43469747521883
id_z6dnfzl23b,237.75317919798675
id_jkeoakg1zs,239.1948408201983
id_jvc6j31d7r,186.02511591180368
id_tp5jxexuje,234.44883003813433
id_dkv9vzan2j,217.645308859966
id_21jsagai52,232.96873952045584
id_5j5wrd0r76,203.84584593817456
id_hafhcdf5fe,272.91568065979646
id_ng9duxlksi,319.22305583243826
id_1mrr0piel6,270.9518666894546
id_8dlgnof1yt,252.01505876385642
id_ayhykhxv08,205.0107276156543
id_5veb3455kk,255.09421513188025
id_0gw6p17v8i,234.17406386596275
id_h21k3oibhu,265.37174691835605
id_onax36r19z,239.51570603511578
id_kf6alfal6l,210.7300832077613
id_rgm4q6o0n2,243.91190135989675
id_051ag5i4ha,246.50282072422618
id_03ajztlcgf,210.10030156748942
id_h1gdh0ctos,224.52432357096637
id_wea0tzo38s,214.24085635389437
id_d77c6v7xlq,210.9578230950443
id_o5czlw27eu,359.85766500451257
id_z3b6rgvygb,217.58897246299043
id_iwwln55ll9,216.73578925445148
id_ctyaqjhqq3,205.82273926852687
id_bk5kqdpcvl,194.12391339039092
id_lcaeji5kvm,253.79553162930193
id_4iuroyo095,198.59512440515755
id_hwhg2nzcn7,225.86893842170952
id_zfyyzm0tfl,198.35208791754627
id_aks304uagg,220.947604082959
id_5muf55bxe7,231.2778108276927
id_or8005ins6,221.52942277776557
id_5p0q5jonr0,274.09601419940424
id_qjskvygs4l,287.06382674415806
id_u5iqw2tz8v,243.83835738302128
id_gckh1uiy17,232.60618375002414
id_8uh4onl5v8,208.6495173580567
id_46wh4sy9gi,265.7100011055286
id_zd5wtd5tmi,256.70120337174114
id_8tax5ieqth,304.8713227535512
id_ouo0ii1gd9,178.6132835993029
id_ofkcbq4gav,165.17125937000964
id_yak2zy4o8d,234.3109829238698
id_lmj3zlydl1,229.97702840446914
id_r5cm1bhxkl,212.87352282223827
id_0zbo52y2xz,224.18634129892928
id_obd90peb73,228.90945603556878
id_yubp5ipspp,195.09452837022366
id_q44cbuudsn,279.33310647862703
id_kav1f2lb2r,274.2242324950514
id_gxbkwk0iez,281.09055202461
id_ek9x8hre7u,194.09969450323717
id_r871vcfbl4,269.826029021479
id_35iwrmt1yx,203.3553117390839
id_mgt3ob9nni,161.92898472401413
id_ata3d9u9ij,227.33035398676967
id_389jy0txmq,223.55525743090902
id_oaaxhllgnf,227.3340826982395
id_fpoz5ozfg7,202.94090696247022
id_hygp8jfsb2,245.85259017091929
id_tgmi1f70mf,236.14385016076537
id_8xhlkfw0vd,302.15986817825427
id_n02h09aa2y,242.1652973693795
id_vcfstyofl7,289.75145599289056
id_jjreek4wj9,248.81936061880313
id_x7op0k35jb,278.48969067543595
id_m0rro9r1gv,293.4798358703712
id_9ky9s3jqyp,209.24841322576378
id_ohpg2cpkpk,228.26500840580013
id_s13clcy2o7,286.90912106449315
id_2h4f3oh33x,226.25058701581307
id_lzsgsz7nuf,210.34869673651414
id_gnfl6qhq2v,161.81681507378954
id_izavvighqu,241.88582017141889
id_5mk7jbh470,316.2427741269356
id_y78kz2lj7d,232.8139261701284
id_r0jik026d1,228.18799643879166
id_4l552ar61j,202.94627714311488
id_yog4iw8i1o,177.9470876851459
id_pv5p2rds8o,208.01477937276476
id_1k5akrmzgv,226.07758451193254
id_ks7ucfmf06,242.57590629017548
id_15cuw1it4j,250.63017451017345
id_kfgdu8dkqk,178.9324680570857
id_aa4sqe4emy,212.31551734682512
id_zytuipkh4s,237.86646890902887
id_753xfgjvu9,185.43934318261591
id_lpvtn9w0zv,220.21749724703983
id_7asrrizo0g,386.6930913204941
id_8bwlfohvu1,195.7374177788958
id_1hy6gjm6kl,240.30944406379456
id_qsf30wtdhv,225.32509500164423
id_1uv0ibuczo,287.1295167254666
id_80csjj6d48,286.4983229662959
id_n1g3zkow2a,255.03779591219416
id_qjt5kb3u6x,307.28841806192435
id_6e8d5kqq5q,279.05662787774816
id_wvhdr0r7th,316.7687321809083
id_x5r3svy996,273.93168913526597
id_o9ggz31qgu,286.73094149829734
id_gv60syhrk2,248.5565280901912
id_g3j3o1t4sz,226.35823550569128
id_laabpazmxh,305.3107024000305
id_eho4ay6smw,242.71342090519016
id_w8nvwfcpmm,272.48470427255177
id_btnsop89b3,276.1304464152767
id_0w6dn0yvk6,384.1118001311597
id_gpznwpt7ys,352.2231182077633
id_z23dyz3slb,276.7571701871516
id_2ojx7eu8qw,292.3191214238302
id_98t8cdz765,251.25860526308347
id_8f9m9dleze,330.89914201686895
id_oeaawvliom,210.86190312026494
id_ov5yh9unz0,285.2760724280955
id_syrmc724fl,247.69888631410922
id_wsfou7xddv,222.7696838244603
id_gdrcof729w,262.0960582496425
id_yyeq995o40,219.47057213041114
id_mhj0m6vsoz,211.41196638612962
id_d51371db4v,181.49100356491502
id_nrt1xvsex3,194.16289673557614
id_e0e2p1877w,311.44515719063605
id_ezhbu5sh62,267.6086665963941
id_c4pskc8s76,255.83010567317913
id_r0ufs02ezc,194.64071468349061
id_hk47qerjv3,350.31348684071526
id_8qq33hqkxq,218.04349300942232
id_w1qz8bdksu,150.60707880939728
id_n74jn7d5ct,218.731954612832
id_b2yadnldic,260.2420447871558
id_484yc688bf,164.29167921527554
id_5w25kqbc16,209.01693262747878
id_9n8atixf1w,219.9848805173892
id_5f8seqeob8,299.6656861195489
id_h0d3gkad49,280.35348780601964
id_g7kvipny30,258.492534950238
id_hmwh1yqafb,219.33722074980798
id_xjzlyzcmgj,219.1484228781946
id_inhwqwpuun,198.75054048668648
id_wsm8a53caa,241.5700597135332
id_r9mlk12372,202.3622023439654
id_oisa8d97gd,356.64101348554965
id_6ab55sm71v,223.89277044212483
id_too46nmh07,236.8860073300025
id_r5m6g5ftw3,219.40971057305097
id_g6vqehwv9h,309.2731776884313
id_na1dwva2t9,276.78033088082685
id_nr83m898q4,242.79383776416154
id_588qh1lkgp,271.49693541088084
id_1k70mcdia8,255.74318783693926
id_4kvsbq5i01,231.26133418170016
id_u90ok9v1g2,239.8425834662185
id_f7jhr0tzyj,240.3125081274381
id_496ds7trwi,181.91646864014263
id_rjedrxh5ol,280.181484153575
id_iznxqqg86k,259.93423146538436
id_r2nitpoo6n,234.94075882283602
id_ako3197fah,325.62844288007153
id_nprrbmfek0,241.0879475160465
id_bmxffkemr6,233.32103018159336
id_w7doelm7x4,258.80212337324434
id_8z87l1y49i,195.79702899303655
id_ebkjvn720n,265.9742703721546
id_tc14hgelz9,341.5134056666004
id_a574b55rgm,280.4936635870764
id_dz6m95a6g7,299.11231951810345
id_wei7m8hy0n,286.0350584937098
id_hj9g1ena8l,232.7745942295894
id_hxkqt31oj0,318.71594180790515
id_j9xr0ullvp,260.7248459823114
id_dhxexr0nl8,246.2891704252341
id_thyiz3erhs,194.2951604518239
id_vfer04eoj5,248.28527569108886
id_dtjlkdb6na,242.02037782230238
id_wjevf26x7g,287.8596391907
id_js2e45rmts,224.1229782396263
id_h4sopez1xq,315.4515612578261
id_tli2tt2lre,295.7791220869046
id_nml7r1ihuo,222.15001441874813
id_ny3rzr8dw4,224.246315814218
id_dgyrdg3c7c,222.9202579539374
id_5xl1ofkel7,339.03043051103833
id_s9z5qdtsok,222.0763259135246
id_wzznck6hr2,207.29945127761434
id_2jrs4cf50t,242.66718624744055
id_zr9i8iyl05,199.2654283549959
id_ywr3489vgm,190.03928459005522
id_40yosi6uqe,344.5580162505293
id_hvj85b4s27,247.42194949872575
id_ve7iodkk5x,194.40300240415527
id_prcsjcgmvr,233.79684523908787
id_urporbfca8,250.6112839139531
id_hnh9veqj44,212.2503312718263
id_66ujv86e23,162.38027440432845
id_op00lvkxjn,264.16168995049225
id_0h1a9dhuum,293.66033205899635
id_ng6gkjkewg,257.60657685218365
id_u3q353kzgc,195.2312230888031
id_ykfovbo3gm,208.50368139735568
id_k2wnuw9gop,223.60305929257765
id_n742fvx1ah,158.5841099286905
id_ecz5hhz0iz,367.22789671401597
id_t3tupepv7y,238.40361816937678
id_touyxi6cd9,197.51833380094112
id_fv0z5li929,246.58453640435363
id_1rbmh121yv,222.14672621659315
id_jxivfqw95m,190.13435833312715
id_c99mmbda9h,257.19914159557374
id_amvzqnr8uh,199.58567435126702
id_vd8i2z3hob,187.52482127374498
id_sq6qs6ygpd,210.3152674409302
id_grfpl7lzzm,236.43263443315095
id_rqzxw5tozc,256.7569984440541
id_74zv2ut2b5,257.1941448108802
id_je1zddxbcz,291.0089802093743
id_p1lsa0r1uy,222.35059942015
id_466f3sjyaa,193.46853547476397
id_6bji5k248v,182.62441178892269
id_xmf644v3gg,224.38265133193786
id_7ww556yt1z,202.2908642277253
id_1kv2mm53gl,186.741664388936
id_gogfzwk8d6,198.0984899456581
id_4ijyknjpyw,223.53157984387798
id_51yb1ejvyp,181.0879771513007
id_e8kgwianqu,255.921481488952
id_01xma9jtcq,266.6632503036367
id_b4c2qvjsq9,188.88449264696135
id_kkxio9kyth,188.02945040272283
id_eo46mly8qt,359.0746462262408
id_x6q1xzuux5,213.73487702349843
id_o9paw0x3kv,224.14513817781102
id_rmptreswq4,311.98556406907676
id_t3b2vd5gaq,251.20515768988503
id_1ccceino2g,211.1119093780595
id_pkszxukfw8,185.15280851232043
id_irjroluzw5,226.64930233733347
id_41oiry183k,278.5974218069866
id_cfcgnt1ghb,194.5048099501655
id_sjd7rg1oll,271.57591307496324
id_364xgx2f9d,169.19653882393695
id_fy2bmhco3s,193.22506509573233
id_axh2ddc911,279.53208670920054
id_29vkc8fnf2,263.28494248152515
id_4ohuy386ux,145.99265553016699
id_ny7vfafssc,250.036192692678
id_is7lidy1mf,310.7536328226912
id_3gzqnrpvj1,196.42354985464448
id_tgs79jz18s,273.2680546414088
id_1vuxj43b5t,270.6737687004413
id_0li1v5bnou,396.3077836417044
id_2rkm63c28h,429.55507504859025
id_u4ue41ptfe,294.1432606953625
id_hqm9ncx8e0,292.162077771055
id_nm7ygb4b3l,239.0387488201442
id_jh45q5uczs,302.7942912482004
id_8wae60vl8s,166.77095890584488
id_oew1wkaotf,295.87089403572634
id_2blz0nu3gr,224.8281027390704
id_8561e57ms1,405.3551490668399
id_6l2yazaml7,271.53920354619146
id_u8x5imye5i,219.5897364262501
id_3n4fcuig6s,283.05918109116334
id_63yqksu7g8,355.9734672345679
id_vr7oawtyr7,191.58522499791053
id_hucimtkqcs,249.24042421425142
id_en1o2lrl13,306.0501771564591
id_7unrf37lps,226.92751630476636
id_airjz9ye97,299.5596377392989
id_scnvuwxqzg,264.19510723611063
id_e660aintu0,298.4608564158791
id_xp5zllo7bm,325.2058242482751
id_9vmhojq424,307.74332344504245
id_1qhlpx2pcm,367.6664801487892
id_qedyi4kq32,267.60510493542535
id_vyxdm338eq,341.8392005936417
id_g2ct966v3a,261.2274960403288
id_npft5kn5zd,240.52803240994592
id_d9roa39323,220.42245483105845
id_7jxotkoa6i,352.15100187987537
id_io83k3isds,325.145135862433
id_0phnbrqgvq,276.7753771111151
id_8fhskk4v0o,276.30507086823434
id_jmark42lrd,290.83269460292803
id_4uoyxutrk9,370.8081756447665
id_z3ne71faqd,307.27744741113037
id_3lsi6od9kk,222.07233302181072
id_wnmtya2xe4,358.47559191666033
id_kxpxubm2ks,247.2524409004894
id_jr62xr6pn0,267.48059216978714
id_i1ndfhbqh8,233.76529027531012
id_xbzzfn775f,280.4681354450092
id_2jgxgek3pp,272.07571613890866
id_cz0j93tjn1,230.55235136244002
id_ibjyuosq7h,247.20739490102233
id_qdj44e8qxy,344.60658048345505
id_pr6ybzbo04,246.6757107013173
id_6is3wqphrp,194.01064121910943
id_a19c8qy624,254.60892192733544
id_fccl3r4vhn,216.70611219460332
id_lpadx9ljyn,309.01357676484054
id_yrlxid7w5f,172.45205402516956
id_iyelznc712,261.41534839217076
id_d4zyhlrp7i,192.89999027993755
id_yamlzhxpzl,244.95944339063558
id_69z3k5udxl,333.12184566986895
id_250ilall7a,249.22415550564114
id_5oh31qlbqd,297.3021926424358
id_g0pt3qxex9,311.51681585830966
id_wecofpgirx,200.41355680192893
id_srbbfyzb4y,181.0549489278048
id_9dwlszpc6f,276.5161896254901
id_rx1c8t309y,239.4906867970026
id_ihc33303cp,274.6396075996687
id_efyw9jlc2d,200.42183053811777
id_r4qda17kgf,261.3312822118699
id_ztkiuvq97m,192.77636411785548
id_57vj6lphyj,334.4956090892674
id_1a219llt0x,296.52177670872675
id_7dum8n5jfs,324.55814916205696
id_mprnfw8jby,279.8550685176168
id_4kwyl8vwk1,216.7199914348005
id_hkd5b8lkry,202.29514136219387
id_ugse3zoarv,213.40221157769196
id_2mihn0ik0d,305.64412005631647
id_eq3nj1bw4i,251.22568290284335
id_eztbfv2vvq,188.02631340120988
id_j822qt24o8,194.8273374202142
id_nyc1n6dupk,198.07723201758955
id_5rfy4jo9id,302.7777908384299
id_z30ciw3guv,225.20126415053713
id_cikel8zc0d,187.7705964068922
id_pn6ira1t7j,257.09519151473836
id_etyxjytmkl,222.5610520171937
id_vk4ybuoyry,225.4649796115796
id_qm010ay0yb,241.27162305946797
id_ufglp9d8e6,189.24934981724508
id_vfxihvxog9,319.26939300925795
id_gx87k11mh3,222.13956058073043
id_5yblexf7zp,193.79122545280526
id_c9cycuvetl,229.4881192458555
id_8xu1ardxni,217.0004230266614
id_aumy97t1iu,231.36811172890702
id_cv1dq53hzh,244.85538621041195
